sample,fastq_1,fastq_2,batch,run
F-14-C0-67,/labs/jandr/walter/tb/data/IS-1018/Batch_2018-01-11/F-14-C0-67_S203_R1_001.fastq.gz,/labs/jandr/walter/tb/data/IS-1018/Batch_2018-01-11/F-14-C0-67_S203_R2_001.fastq.gz,IS-1018,Batch_2018-01-11
F-14-Co--21,/labs/jandr/walter/tb/data/IS-1018/Batch_2018-01-11/F-14-Co--21_S204_R1_001.fastq.gz,/labs/jandr/walter/tb/data/IS-1018/Batch_2018-01-11/F-14-Co--21_S204_R2_001.fastq.gz,IS-1018,Batch_2018-01-11
F-14-Co-25,/labs/jandr/walter/tb/data/IS-1018/Batch_2018-01-11/F-14-Co-25_S277_R1_001.fastq.gz,/labs/jandr/walter/tb/data/IS-1018/Batch_2018-01-11/F-14-Co-25_S277_R2_001.fastq.gz,IS-1018,Batch_2018-01-11
F-14-Co-42,/labs/jandr/walter/tb/data/IS-1018/Batch_2018-01-11/F-14-Co-42_S207_R1_001.fastq.gz,/labs/jandr/walter/tb/data/IS-1018/Batch_2018-01-11/F-14-Co-42_S207_R2_001.fastq.gz,IS-1018,Batch_2018-01-11
F-14-Co-47,/labs/jandr/walter/tb/data/IS-1018/Batch_2018-01-11/F-14-Co-47_S210_R1_001.fastq.gz,/labs/jandr/walter/tb/data/IS-1018/Batch_2018-01-11/F-14-Co-47_S210_R2_001.fastq.gz,IS-1018,Batch_2018-01-11
F-14-Co-49-A,/labs/jandr/walter/tb/data/IS-1018/Batch_2018-01-11/F-14-Co-49-A_S278_R1_001.fastq.gz,/labs/jandr/walter/tb/data/IS-1018/Batch_2018-01-11/F-14-Co-49-A_S278_R2_001.fastq.gz,IS-1018,Batch_2018-01-11
F-14-Co-6,/labs/jandr/walter/tb/data/IS-1018/Batch_2018-01-11/F-14-Co-6_S208_R1_001.fastq.gz,/labs/jandr/walter/tb/data/IS-1018/Batch_2018-01-11/F-14-Co-6_S208_R2_001.fastq.gz,IS-1018,Batch_2018-01-11
F-14-Co-7,/labs/jandr/walter/tb/data/IS-1018/Batch_2018-01-11/F-14-Co-7_S209_R1_001.fastq.gz,/labs/jandr/walter/tb/data/IS-1018/Batch_2018-01-11/F-14-Co-7_S209_R2_001.fastq.gz,IS-1018,Batch_2018-01-11
F-14-Co-82,/labs/jandr/walter/tb/data/IS-1018/Batch_2018-01-11/F-14-Co-82_S279_R1_001.fastq.gz,/labs/jandr/walter/tb/data/IS-1018/Batch_2018-01-11/F-14-Co-82_S279_R2_001.fastq.gz,IS-1018,Batch_2018-01-11
F-14-Co-97,/labs/jandr/walter/tb/data/IS-1018/Batch_2018-01-11/F-14-Co-97_S244_R1_001.fastq.gz,/labs/jandr/walter/tb/data/IS-1018/Batch_2018-01-11/F-14-Co-97_S244_R2_001.fastq.gz,IS-1018,Batch_2018-01-11
F-14-Co-9,/labs/jandr/walter/tb/data/IS-1018/Batch_2018-01-11/F-14-Co-9_S206_R1_001.fastq.gz,/labs/jandr/walter/tb/data/IS-1018/Batch_2018-01-11/F-14-Co-9_S206_R2_001.fastq.gz,IS-1018,Batch_2018-01-11
F-14-PP-41,/labs/jandr/walter/tb/data/IS-1018/Batch_2018-01-11/F-14-PP-41_S200_R1_001.fastq.gz,/labs/jandr/walter/tb/data/IS-1018/Batch_2018-01-11/F-14-PP-41_S200_R2_001.fastq.gz,IS-1018,Batch_2018-01-11
F-14-PP-47,/labs/jandr/walter/tb/data/IS-1018/Batch_2018-01-11/F-14-PP-47_S201_R1_001.fastq.gz,/labs/jandr/walter/tb/data/IS-1018/Batch_2018-01-11/F-14-PP-47_S201_R2_001.fastq.gz,IS-1018,Batch_2018-01-11
F-15-Co-02,/labs/jandr/walter/tb/data/IS-1018/Batch_2018-01-11/F-15-Co-02_S226_R1_001.fastq.gz,/labs/jandr/walter/tb/data/IS-1018/Batch_2018-01-11/F-15-Co-02_S226_R2_001.fastq.gz,IS-1018,Batch_2018-01-11
F-15-Co-03,/labs/jandr/walter/tb/data/IS-1018/Batch_2018-01-11/F-15-Co-03_S198_R1_001.fastq.gz,/labs/jandr/walter/tb/data/IS-1018/Batch_2018-01-11/F-15-Co-03_S198_R2_001.fastq.gz,IS-1018,Batch_2018-01-11
F-15-Co-05,/labs/jandr/walter/tb/data/IS-1018/Batch_2018-01-11/F-15-Co-05_S227_R1_001.fastq.gz,/labs/jandr/walter/tb/data/IS-1018/Batch_2018-01-11/F-15-Co-05_S227_R2_001.fastq.gz,IS-1018,Batch_2018-01-11
F-15-Co-07,/labs/jandr/walter/tb/data/IS-1018/Batch_2018-01-11/F-15-Co-07_S274_R1_001.fastq.gz,/labs/jandr/walter/tb/data/IS-1018/Batch_2018-01-11/F-15-Co-07_S274_R2_001.fastq.gz,IS-1018,Batch_2018-01-11
F-15-Co-08,/labs/jandr/walter/tb/data/IS-1018/Batch_2018-01-11/F-15-Co-08_S276_R1_001.fastq.gz,/labs/jandr/walter/tb/data/IS-1018/Batch_2018-01-11/F-15-Co-08_S276_R2_001.fastq.gz,IS-1018,Batch_2018-01-11
F-15-Co-09,/labs/jandr/walter/tb/data/IS-1018/Batch_2018-01-11/F-15-Co-09_S199_R1_001.fastq.gz,/labs/jandr/walter/tb/data/IS-1018/Batch_2018-01-11/F-15-Co-09_S199_R2_001.fastq.gz,IS-1018,Batch_2018-01-11
F-15-Co-14,/labs/jandr/walter/tb/data/IS-1018/Batch_2018-01-11/F-15-Co-14_S220_R1_001.fastq.gz,/labs/jandr/walter/tb/data/IS-1018/Batch_2018-01-11/F-15-Co-14_S220_R2_001.fastq.gz,IS-1018,Batch_2018-01-11
F-15-Co-15,/labs/jandr/walter/tb/data/IS-1018/Batch_2018-01-11/F-15-Co-15_S224_R1_001.fastq.gz,/labs/jandr/walter/tb/data/IS-1018/Batch_2018-01-11/F-15-Co-15_S224_R2_001.fastq.gz,IS-1018,Batch_2018-01-11
F-15-Co-20,/labs/jandr/walter/tb/data/IS-1018/Batch_2018-01-11/F-15-Co-20_S235_R1_001.fastq.gz,/labs/jandr/walter/tb/data/IS-1018/Batch_2018-01-11/F-15-Co-20_S235_R2_001.fastq.gz,IS-1018,Batch_2018-01-11
F-15-Co-26,/labs/jandr/walter/tb/data/IS-1018/Batch_2018-01-11/F-15-Co-26_S218_R1_001.fastq.gz,/labs/jandr/walter/tb/data/IS-1018/Batch_2018-01-11/F-15-Co-26_S218_R2_001.fastq.gz,IS-1018,Batch_2018-01-11
F-15-Co-27,/labs/jandr/walter/tb/data/IS-1018/Batch_2018-01-11/F-15-Co-27_S213_R1_001.fastq.gz,/labs/jandr/walter/tb/data/IS-1018/Batch_2018-01-11/F-15-Co-27_S213_R2_001.fastq.gz,IS-1018,Batch_2018-01-11
F-15-Co-28,/labs/jandr/walter/tb/data/IS-1018/Batch_2018-01-11/F-15-Co-28_S211_R1_001.fastq.gz,/labs/jandr/walter/tb/data/IS-1018/Batch_2018-01-11/F-15-Co-28_S211_R2_001.fastq.gz,IS-1018,Batch_2018-01-11
F-15-Co-30,/labs/jandr/walter/tb/data/IS-1018/Batch_2018-01-11/F-15-Co-30_S214_R1_001.fastq.gz,/labs/jandr/walter/tb/data/IS-1018/Batch_2018-01-11/F-15-Co-30_S214_R2_001.fastq.gz,IS-1018,Batch_2018-01-11
F-15-Co-31,/labs/jandr/walter/tb/data/IS-1018/Batch_2018-01-11/F-15-Co-31_S212_R1_001.fastq.gz,/labs/jandr/walter/tb/data/IS-1018/Batch_2018-01-11/F-15-Co-31_S212_R2_001.fastq.gz,IS-1018,Batch_2018-01-11
F-15-Co-44,/labs/jandr/walter/tb/data/IS-1018/Batch_2018-01-11/F-15-Co-44_S233_R1_001.fastq.gz,/labs/jandr/walter/tb/data/IS-1018/Batch_2018-01-11/F-15-Co-44_S233_R2_001.fastq.gz,IS-1018,Batch_2018-01-11
F-15-Co-46,/labs/jandr/walter/tb/data/IS-1018/Batch_2018-01-11/F-15-Co-46_S283_R1_001.fastq.gz,/labs/jandr/walter/tb/data/IS-1018/Batch_2018-01-11/F-15-Co-46_S283_R2_001.fastq.gz,IS-1018,Batch_2018-01-11
F-15-Co-47,/labs/jandr/walter/tb/data/IS-1018/Batch_2018-01-11/F-15-Co-47_S273_R1_001.fastq.gz,/labs/jandr/walter/tb/data/IS-1018/Batch_2018-01-11/F-15-Co-47_S273_R2_001.fastq.gz,IS-1018,Batch_2018-01-11
F-15-Co-50,/labs/jandr/walter/tb/data/IS-1018/Batch_2018-01-11/F-15-Co-50_S223_R1_001.fastq.gz,/labs/jandr/walter/tb/data/IS-1018/Batch_2018-01-11/F-15-Co-50_S223_R2_001.fastq.gz,IS-1018,Batch_2018-01-11
F-15-Co-51,/labs/jandr/walter/tb/data/IS-1018/Batch_2018-01-11/F-15-Co-51_S221_R1_001.fastq.gz,/labs/jandr/walter/tb/data/IS-1018/Batch_2018-01-11/F-15-Co-51_S221_R2_001.fastq.gz,IS-1018,Batch_2018-01-11
F-15-Co-53,/labs/jandr/walter/tb/data/IS-1018/Batch_2018-01-11/F-15-Co-53_S230_R1_001.fastq.gz,/labs/jandr/walter/tb/data/IS-1018/Batch_2018-01-11/F-15-Co-53_S230_R2_001.fastq.gz,IS-1018,Batch_2018-01-11
F-15-Co-54,/labs/jandr/walter/tb/data/IS-1018/Batch_2018-01-11/F-15-Co-54_S236_R1_001.fastq.gz,/labs/jandr/walter/tb/data/IS-1018/Batch_2018-01-11/F-15-Co-54_S236_R2_001.fastq.gz,IS-1018,Batch_2018-01-11
F-15-Co-55,/labs/jandr/walter/tb/data/IS-1018/Batch_2018-01-11/F-15-Co-55_S237_R1_001.fastq.gz,/labs/jandr/walter/tb/data/IS-1018/Batch_2018-01-11/F-15-Co-55_S237_R2_001.fastq.gz,IS-1018,Batch_2018-01-11
F-15-Co-64,/labs/jandr/walter/tb/data/IS-1018/Batch_2018-01-11/F-15-Co-64_S222_R1_001.fastq.gz,/labs/jandr/walter/tb/data/IS-1018/Batch_2018-01-11/F-15-Co-64_S222_R2_001.fastq.gz,IS-1018,Batch_2018-01-11
F-15-Co-73,/labs/jandr/walter/tb/data/IS-1018/Batch_2018-01-11/F-15-Co-73_S282_R1_001.fastq.gz,/labs/jandr/walter/tb/data/IS-1018/Batch_2018-01-11/F-15-Co-73_S282_R2_001.fastq.gz,IS-1018,Batch_2018-01-11
F-15-Co-74,/labs/jandr/walter/tb/data/IS-1018/Batch_2018-01-11/F-15-Co-74_S229_R1_001.fastq.gz,/labs/jandr/walter/tb/data/IS-1018/Batch_2018-01-11/F-15-Co-74_S229_R2_001.fastq.gz,IS-1018,Batch_2018-01-11
F-15-Co-75,/labs/jandr/walter/tb/data/IS-1018/Batch_2018-01-11/F-15-Co-75_S275_R1_001.fastq.gz,/labs/jandr/walter/tb/data/IS-1018/Batch_2018-01-11/F-15-Co-75_S275_R2_001.fastq.gz,IS-1018,Batch_2018-01-11
F-15-Co-76,/labs/jandr/walter/tb/data/IS-1018/Batch_2018-01-11/F-15-Co-76_S228_R1_001.fastq.gz,/labs/jandr/walter/tb/data/IS-1018/Batch_2018-01-11/F-15-Co-76_S228_R2_001.fastq.gz,IS-1018,Batch_2018-01-11
F-15-Co-77,/labs/jandr/walter/tb/data/IS-1018/Batch_2018-01-11/F-15-Co-77_S234_R1_001.fastq.gz,/labs/jandr/walter/tb/data/IS-1018/Batch_2018-01-11/F-15-Co-77_S234_R2_001.fastq.gz,IS-1018,Batch_2018-01-11
F-15-PP-01,/labs/jandr/walter/tb/data/IS-1018/Batch_2018-01-11/F-15-PP-01_S250_R1_001.fastq.gz,/labs/jandr/walter/tb/data/IS-1018/Batch_2018-01-11/F-15-PP-01_S250_R2_001.fastq.gz,IS-1018,Batch_2018-01-11
F-15-PP-04,/labs/jandr/walter/tb/data/IS-1018/Batch_2018-01-11/F-15-PP-04_S280_R1_001.fastq.gz,/labs/jandr/walter/tb/data/IS-1018/Batch_2018-01-11/F-15-PP-04_S280_R2_001.fastq.gz,IS-1018,Batch_2018-01-11
F-15-PP-08,/labs/jandr/walter/tb/data/IS-1018/Batch_2018-01-11/F-15-PP-08_S248_R1_001.fastq.gz,/labs/jandr/walter/tb/data/IS-1018/Batch_2018-01-11/F-15-PP-08_S248_R2_001.fastq.gz,IS-1018,Batch_2018-01-11
F-15-PP-19,/labs/jandr/walter/tb/data/IS-1018/Batch_2018-01-11/F-15-PP-19_S215_R1_001.fastq.gz,/labs/jandr/walter/tb/data/IS-1018/Batch_2018-01-11/F-15-PP-19_S215_R2_001.fastq.gz,IS-1018,Batch_2018-01-11
F-16-Co-02,/labs/jandr/walter/tb/data/IS-1018/Batch_2018-01-11/F-16-Co-02_S253_R1_001.fastq.gz,/labs/jandr/walter/tb/data/IS-1018/Batch_2018-01-11/F-16-Co-02_S253_R2_001.fastq.gz,IS-1018,Batch_2018-01-11
F-16-Co-03,/labs/jandr/walter/tb/data/IS-1018/Batch_2018-01-11/F-16-Co-03_S247_R1_001.fastq.gz,/labs/jandr/walter/tb/data/IS-1018/Batch_2018-01-11/F-16-Co-03_S247_R2_001.fastq.gz,IS-1018,Batch_2018-01-11
F-16-Co-04,/labs/jandr/walter/tb/data/IS-1018/Batch_2018-01-11/F-16-Co-04_S246_R1_001.fastq.gz,/labs/jandr/walter/tb/data/IS-1018/Batch_2018-01-11/F-16-Co-04_S246_R2_001.fastq.gz,IS-1018,Batch_2018-01-11
F-16-Co-06,/labs/jandr/walter/tb/data/IS-1018/Batch_2018-01-11/F-16-Co-06_S245_R1_001.fastq.gz,/labs/jandr/walter/tb/data/IS-1018/Batch_2018-01-11/F-16-Co-06_S245_R2_001.fastq.gz,IS-1018,Batch_2018-01-11
F-16-Co-07,/labs/jandr/walter/tb/data/IS-1018/Batch_2018-01-11/F-16-Co-07_S249_R1_001.fastq.gz,/labs/jandr/walter/tb/data/IS-1018/Batch_2018-01-11/F-16-Co-07_S249_R2_001.fastq.gz,IS-1018,Batch_2018-01-11
F-16-Co-08,/labs/jandr/walter/tb/data/IS-1018/Batch_2018-01-11/F-16-Co-08_S241_R1_001.fastq.gz,/labs/jandr/walter/tb/data/IS-1018/Batch_2018-01-11/F-16-Co-08_S241_R2_001.fastq.gz,IS-1018,Batch_2018-01-11
F-16-Co-12,/labs/jandr/walter/tb/data/IS-1018/Batch_2018-01-11/F-16-Co-12_S217_R1_001.fastq.gz,/labs/jandr/walter/tb/data/IS-1018/Batch_2018-01-11/F-16-Co-12_S217_R2_001.fastq.gz,IS-1018,Batch_2018-01-11
F-16-Co-16,/labs/jandr/walter/tb/data/IS-1018/Batch_2018-01-11/F-16-Co-16_S267_R1_001.fastq.gz,/labs/jandr/walter/tb/data/IS-1018/Batch_2018-01-11/F-16-Co-16_S267_R2_001.fastq.gz,IS-1018,Batch_2018-01-11
F-16-Co-17,/labs/jandr/walter/tb/data/IS-1018/Batch_2018-01-11/F-16-Co-17_S266_R1_001.fastq.gz,/labs/jandr/walter/tb/data/IS-1018/Batch_2018-01-11/F-16-Co-17_S266_R2_001.fastq.gz,IS-1018,Batch_2018-01-11
F-16-Co-24,/labs/jandr/walter/tb/data/IS-1018/Batch_2018-01-11/F-16-Co-24_S264_R1_001.fastq.gz,/labs/jandr/walter/tb/data/IS-1018/Batch_2018-01-11/F-16-Co-24_S264_R2_001.fastq.gz,IS-1018,Batch_2018-01-11
F-16-Co-25,/labs/jandr/walter/tb/data/IS-1018/Batch_2018-01-11/F-16-Co-25_S202_R1_001.fastq.gz,/labs/jandr/walter/tb/data/IS-1018/Batch_2018-01-11/F-16-Co-25_S202_R2_001.fastq.gz,IS-1018,Batch_2018-01-11
F-16-Co-47,/labs/jandr/walter/tb/data/IS-1018/Batch_2018-01-11/F-16-Co-47_S281_R1_001.fastq.gz,/labs/jandr/walter/tb/data/IS-1018/Batch_2018-01-11/F-16-Co-47_S281_R2_001.fastq.gz,IS-1018,Batch_2018-01-11
J-1-2314,/labs/jandr/walter/tb/data/IS-1018/Batch_2018-01-11/J-1-2314_S185_R1_001.fastq.gz,/labs/jandr/walter/tb/data/IS-1018/Batch_2018-01-11/J-1-2314_S185_R2_001.fastq.gz,IS-1018,Batch_2018-01-11
L-14-1026,/labs/jandr/walter/tb/data/IS-1018/Batch_2018-01-11/L-14-1026_S85_R1_001.fastq.gz,/labs/jandr/walter/tb/data/IS-1018/Batch_2018-01-11/L-14-1026_S85_R2_001.fastq.gz,IS-1018,Batch_2018-01-11
L-14-1035,/labs/jandr/walter/tb/data/IS-1018/Batch_2018-01-11/L-14-1035_S109_R1_001.fastq.gz,/labs/jandr/walter/tb/data/IS-1018/Batch_2018-01-11/L-14-1035_S109_R2_001.fastq.gz,IS-1018,Batch_2018-01-11
L-14-1037,/labs/jandr/walter/tb/data/IS-1018/Batch_2018-01-11/L-14-1037_S110_R1_001.fastq.gz,/labs/jandr/walter/tb/data/IS-1018/Batch_2018-01-11/L-14-1037_S110_R2_001.fastq.gz,IS-1018,Batch_2018-01-11
L-14-1094,/labs/jandr/walter/tb/data/IS-1018/Batch_2018-01-11/L-14-1094_S148_R1_001.fastq.gz,/labs/jandr/walter/tb/data/IS-1018/Batch_2018-01-11/L-14-1094_S148_R2_001.fastq.gz,IS-1018,Batch_2018-01-11
L-14-1096,/labs/jandr/walter/tb/data/IS-1018/Batch_2018-01-11/L-14-1096_S53_R1_001.fastq.gz,/labs/jandr/walter/tb/data/IS-1018/Batch_2018-01-11/L-14-1096_S53_R2_001.fastq.gz,IS-1018,Batch_2018-01-11
L-14-1160,/labs/jandr/walter/tb/data/IS-1018/Batch_2018-01-11/L-14-1160_S232_R1_001.fastq.gz,/labs/jandr/walter/tb/data/IS-1018/Batch_2018-01-11/L-14-1160_S232_R2_001.fastq.gz,IS-1018,Batch_2018-01-11
L-14-1187,/labs/jandr/walter/tb/data/IS-1018/Batch_2018-01-11/L-14-1187_S68_R1_001.fastq.gz,/labs/jandr/walter/tb/data/IS-1018/Batch_2018-01-11/L-14-1187_S68_R2_001.fastq.gz,IS-1018,Batch_2018-01-11
L-14-1341,/labs/jandr/walter/tb/data/IS-1018/Batch_2018-01-11/L-14-1341_S193_R1_001.fastq.gz,/labs/jandr/walter/tb/data/IS-1018/Batch_2018-01-11/L-14-1341_S193_R2_001.fastq.gz,IS-1018,Batch_2018-01-11
L-14-1343,/labs/jandr/walter/tb/data/IS-1018/Batch_2018-01-11/L-14-1343_S36_R1_001.fastq.gz,/labs/jandr/walter/tb/data/IS-1018/Batch_2018-01-11/L-14-1343_S36_R2_001.fastq.gz,IS-1018,Batch_2018-01-11
L-14-1413,/labs/jandr/walter/tb/data/IS-1018/Batch_2018-01-11/L-14-1413_S195_R1_001.fastq.gz,/labs/jandr/walter/tb/data/IS-1018/Batch_2018-01-11/L-14-1413_S195_R2_001.fastq.gz,IS-1018,Batch_2018-01-11
L-14-1433,/labs/jandr/walter/tb/data/IS-1018/Batch_2018-01-11/L-14-1433_S108_R1_001.fastq.gz,/labs/jandr/walter/tb/data/IS-1018/Batch_2018-01-11/L-14-1433_S108_R2_001.fastq.gz,IS-1018,Batch_2018-01-11
L-14-1436,/labs/jandr/walter/tb/data/IS-1018/Batch_2018-01-11/L-14-1436_S192_R1_001.fastq.gz,/labs/jandr/walter/tb/data/IS-1018/Batch_2018-01-11/L-14-1436_S192_R2_001.fastq.gz,IS-1018,Batch_2018-01-11
L-14-1437,/labs/jandr/walter/tb/data/IS-1018/Batch_2018-01-11/L-14-1437_S90_R1_001.fastq.gz,/labs/jandr/walter/tb/data/IS-1018/Batch_2018-01-11/L-14-1437_S90_R2_001.fastq.gz,IS-1018,Batch_2018-01-11
L-14-1521,/labs/jandr/walter/tb/data/IS-1018/Batch_2018-01-11/L-14-1521_S152_R1_001.fastq.gz,/labs/jandr/walter/tb/data/IS-1018/Batch_2018-01-11/L-14-1521_S152_R2_001.fastq.gz,IS-1018,Batch_2018-01-11
L-14-1523,/labs/jandr/walter/tb/data/IS-1018/Batch_2018-01-11/L-14-1523_S25_R1_001.fastq.gz,/labs/jandr/walter/tb/data/IS-1018/Batch_2018-01-11/L-14-1523_S25_R2_001.fastq.gz,IS-1018,Batch_2018-01-11
L-14-1537,/labs/jandr/walter/tb/data/IS-1018/Batch_2018-01-11/L-14-1537_S44_R1_001.fastq.gz,/labs/jandr/walter/tb/data/IS-1018/Batch_2018-01-11/L-14-1537_S44_R2_001.fastq.gz,IS-1018,Batch_2018-01-11
L-14-1550,/labs/jandr/walter/tb/data/IS-1018/Batch_2018-01-11/L-14-1550_S100_R1_001.fastq.gz,/labs/jandr/walter/tb/data/IS-1018/Batch_2018-01-11/L-14-1550_S100_R2_001.fastq.gz,IS-1018,Batch_2018-01-11
L-14-1603,/labs/jandr/walter/tb/data/IS-1018/Batch_2018-01-11/L-14-1603_S257_R1_001.fastq.gz,/labs/jandr/walter/tb/data/IS-1018/Batch_2018-01-11/L-14-1603_S257_R2_001.fastq.gz,IS-1018,Batch_2018-01-11
L-14-1611,/labs/jandr/walter/tb/data/IS-1018/Batch_2018-01-11/L-14-1611_S270_R1_001.fastq.gz,/labs/jandr/walter/tb/data/IS-1018/Batch_2018-01-11/L-14-1611_S270_R2_001.fastq.gz,IS-1018,Batch_2018-01-11
L-14-168,/labs/jandr/walter/tb/data/IS-1018/Batch_2018-01-11/L-14-168_S22_R1_001.fastq.gz,/labs/jandr/walter/tb/data/IS-1018/Batch_2018-01-11/L-14-168_S22_R2_001.fastq.gz,IS-1018,Batch_2018-01-11
L-14-1690,/labs/jandr/walter/tb/data/IS-1018/Batch_2018-01-11/L-14-1690_S115_R1_001.fastq.gz,/labs/jandr/walter/tb/data/IS-1018/Batch_2018-01-11/L-14-1690_S115_R2_001.fastq.gz,IS-1018,Batch_2018-01-11
L-14-1741,/labs/jandr/walter/tb/data/IS-1018/Batch_2018-01-11/L-14-1741_S158_R1_001.fastq.gz,/labs/jandr/walter/tb/data/IS-1018/Batch_2018-01-11/L-14-1741_S158_R2_001.fastq.gz,IS-1018,Batch_2018-01-11
L-14-1765,/labs/jandr/walter/tb/data/IS-1018/Batch_2018-01-11/L-14-1765_S97_R1_001.fastq.gz,/labs/jandr/walter/tb/data/IS-1018/Batch_2018-01-11/L-14-1765_S97_R2_001.fastq.gz,IS-1018,Batch_2018-01-11
L-14-1792,/labs/jandr/walter/tb/data/IS-1018/Batch_2018-01-11/L-14-1792_S240_R1_001.fastq.gz,/labs/jandr/walter/tb/data/IS-1018/Batch_2018-01-11/L-14-1792_S240_R2_001.fastq.gz,IS-1018,Batch_2018-01-11
L-14-179,/labs/jandr/walter/tb/data/IS-1018/Batch_2018-01-11/L-14-179_S95_R1_001.fastq.gz,/labs/jandr/walter/tb/data/IS-1018/Batch_2018-01-11/L-14-179_S95_R2_001.fastq.gz,IS-1018,Batch_2018-01-11
L-14-1801,/labs/jandr/walter/tb/data/IS-1018/Batch_2018-01-11/L-14-1801_S100_R1_001.fastq.gz,/labs/jandr/walter/tb/data/IS-1018/Batch_2018-01-11/L-14-1801_S100_R2_001.fastq.gz,IS-1018,Batch_2018-01-11
L-14-1874,/labs/jandr/walter/tb/data/IS-1018/Batch_2018-01-11/L-14-1874_S50_R1_001.fastq.gz,/labs/jandr/walter/tb/data/IS-1018/Batch_2018-01-11/L-14-1874_S50_R2_001.fastq.gz,IS-1018,Batch_2018-01-11
L-14-1889,/labs/jandr/walter/tb/data/IS-1018/Batch_2018-01-11/L-14-1889_S24_R1_001.fastq.gz,/labs/jandr/walter/tb/data/IS-1018/Batch_2018-01-11/L-14-1889_S24_R2_001.fastq.gz,IS-1018,Batch_2018-01-11
L-14-1892,/labs/jandr/walter/tb/data/IS-1018/Batch_2018-01-11/L-14-1892_S34_R1_001.fastq.gz,/labs/jandr/walter/tb/data/IS-1018/Batch_2018-01-11/L-14-1892_S34_R2_001.fastq.gz,IS-1018,Batch_2018-01-11
L-14-1930,/labs/jandr/walter/tb/data/IS-1018/Batch_2018-01-11/L-14-1930_S63_R1_001.fastq.gz,/labs/jandr/walter/tb/data/IS-1018/Batch_2018-01-11/L-14-1930_S63_R2_001.fastq.gz,IS-1018,Batch_2018-01-11
L-14-1966,/labs/jandr/walter/tb/data/IS-1018/Batch_2018-01-11/L-14-1966_S83_R1_001.fastq.gz,/labs/jandr/walter/tb/data/IS-1018/Batch_2018-01-11/L-14-1966_S83_R2_001.fastq.gz,IS-1018,Batch_2018-01-11
L-14-1973,/labs/jandr/walter/tb/data/IS-1018/Batch_2018-01-11/L-14-1973_S74_R1_001.fastq.gz,/labs/jandr/walter/tb/data/IS-1018/Batch_2018-01-11/L-14-1973_S74_R2_001.fastq.gz,IS-1018,Batch_2018-01-11
L-14-2285,/labs/jandr/walter/tb/data/IS-1018/Batch_2018-01-11/L-14-2285_S4_R1_001.fastq.gz,/labs/jandr/walter/tb/data/IS-1018/Batch_2018-01-11/L-14-2285_S4_R2_001.fastq.gz,IS-1018,Batch_2018-01-11
L-14-2386,/labs/jandr/walter/tb/data/IS-1018/Batch_2018-01-11/L-14-2386_S82_R1_001.fastq.gz,/labs/jandr/walter/tb/data/IS-1018/Batch_2018-01-11/L-14-2386_S82_R2_001.fastq.gz,IS-1018,Batch_2018-01-11
L-14-2397,/labs/jandr/walter/tb/data/IS-1018/Batch_2018-01-11/L-14-2397_S96_R1_001.fastq.gz,/labs/jandr/walter/tb/data/IS-1018/Batch_2018-01-11/L-14-2397_S96_R2_001.fastq.gz,IS-1018,Batch_2018-01-11
L-14-2405,/labs/jandr/walter/tb/data/IS-1018/Batch_2018-01-11/L-14-2405_S84_R1_001.fastq.gz,/labs/jandr/walter/tb/data/IS-1018/Batch_2018-01-11/L-14-2405_S84_R2_001.fastq.gz,IS-1018,Batch_2018-01-11
L-14-243,/labs/jandr/walter/tb/data/IS-1018/Batch_2018-01-11/L-14-243_S87_R1_001.fastq.gz,/labs/jandr/walter/tb/data/IS-1018/Batch_2018-01-11/L-14-243_S87_R2_001.fastq.gz,IS-1018,Batch_2018-01-11
L-14-247,/labs/jandr/walter/tb/data/IS-1018/Batch_2018-01-11/L-14-247_S46_R1_001.fastq.gz,/labs/jandr/walter/tb/data/IS-1018/Batch_2018-01-11/L-14-247_S46_R2_001.fastq.gz,IS-1018,Batch_2018-01-11
L-14-258,/labs/jandr/walter/tb/data/IS-1018/Batch_2018-01-11/L-14-258_S88_R1_001.fastq.gz,/labs/jandr/walter/tb/data/IS-1018/Batch_2018-01-11/L-14-258_S88_R2_001.fastq.gz,IS-1018,Batch_2018-01-11
L-14-266,/labs/jandr/walter/tb/data/IS-1018/Batch_2018-01-11/L-14-266_S101_R1_001.fastq.gz,/labs/jandr/walter/tb/data/IS-1018/Batch_2018-01-11/L-14-266_S101_R2_001.fastq.gz,IS-1018,Batch_2018-01-11
L-14-2680,/labs/jandr/walter/tb/data/IS-1018/Batch_2018-01-11/L-14-2680_S47_R1_001.fastq.gz,/labs/jandr/walter/tb/data/IS-1018/Batch_2018-01-11/L-14-2680_S47_R2_001.fastq.gz,IS-1018,Batch_2018-01-11
L-14-2701,/labs/jandr/walter/tb/data/IS-1018/Batch_2018-01-11/L-14-2701_S87_R1_001.fastq.gz,/labs/jandr/walter/tb/data/IS-1018/Batch_2018-01-11/L-14-2701_S87_R2_001.fastq.gz,IS-1018,Batch_2018-01-11
L-14-2720,/labs/jandr/walter/tb/data/IS-1018/Batch_2018-01-11/L-14-2720_S99_R1_001.fastq.gz,/labs/jandr/walter/tb/data/IS-1018/Batch_2018-01-11/L-14-2720_S99_R2_001.fastq.gz,IS-1018,Batch_2018-01-11
L-14-2722,/labs/jandr/walter/tb/data/IS-1018/Batch_2018-01-11/L-14-2722_S73_R1_001.fastq.gz,/labs/jandr/walter/tb/data/IS-1018/Batch_2018-01-11/L-14-2722_S73_R2_001.fastq.gz,IS-1018,Batch_2018-01-11
L-14-2741,/labs/jandr/walter/tb/data/IS-1018/Batch_2018-01-11/L-14-2741_S102_R1_001.fastq.gz,/labs/jandr/walter/tb/data/IS-1018/Batch_2018-01-11/L-14-2741_S102_R2_001.fastq.gz,IS-1018,Batch_2018-01-11
L-14-2786,/labs/jandr/walter/tb/data/IS-1018/Batch_2018-01-11/L-14-2786_S9_R1_001.fastq.gz,/labs/jandr/walter/tb/data/IS-1018/Batch_2018-01-11/L-14-2786_S9_R2_001.fastq.gz,IS-1018,Batch_2018-01-11
L-14-2803,/labs/jandr/walter/tb/data/IS-1018/Batch_2018-01-11/L-14-2803_S269_R1_001.fastq.gz,/labs/jandr/walter/tb/data/IS-1018/Batch_2018-01-11/L-14-2803_S269_R2_001.fastq.gz,IS-1018,Batch_2018-01-11
L-14-280,/labs/jandr/walter/tb/data/IS-1018/Batch_2018-01-11/L-14-280_S57_R1_001.fastq.gz,/labs/jandr/walter/tb/data/IS-1018/Batch_2018-01-11/L-14-280_S57_R2_001.fastq.gz,IS-1018,Batch_2018-01-11
L-14-2938,/labs/jandr/walter/tb/data/IS-1018/Batch_2018-01-11/L-14-2938_S80_R1_001.fastq.gz,/labs/jandr/walter/tb/data/IS-1018/Batch_2018-01-11/L-14-2938_S80_R2_001.fastq.gz,IS-1018,Batch_2018-01-11
L-14-2941,/labs/jandr/walter/tb/data/IS-1018/Batch_2018-01-11/L-14-2941_S23_R1_001.fastq.gz,/labs/jandr/walter/tb/data/IS-1018/Batch_2018-01-11/L-14-2941_S23_R2_001.fastq.gz,IS-1018,Batch_2018-01-11
L-14-309,/labs/jandr/walter/tb/data/IS-1018/Batch_2018-01-11/L-14-309_S114_R1_001.fastq.gz,/labs/jandr/walter/tb/data/IS-1018/Batch_2018-01-11/L-14-309_S114_R2_001.fastq.gz,IS-1018,Batch_2018-01-11
L-14-3119,/labs/jandr/walter/tb/data/IS-1018/Batch_2018-01-11/L-14-3119_S194_R1_001.fastq.gz,/labs/jandr/walter/tb/data/IS-1018/Batch_2018-01-11/L-14-3119_S194_R2_001.fastq.gz,IS-1018,Batch_2018-01-11
L-14-311,/labs/jandr/walter/tb/data/IS-1018/Batch_2018-01-11/L-14-311_S55_R1_001.fastq.gz,/labs/jandr/walter/tb/data/IS-1018/Batch_2018-01-11/L-14-311_S55_R2_001.fastq.gz,IS-1018,Batch_2018-01-11
L-14-3123,/labs/jandr/walter/tb/data/IS-1018/Batch_2018-01-11/L-14-3123_S50_R1_001.fastq.gz,/labs/jandr/walter/tb/data/IS-1018/Batch_2018-01-11/L-14-3123_S50_R2_001.fastq.gz,IS-1018,Batch_2018-01-11
L-14-3236,/labs/jandr/walter/tb/data/IS-1018/Batch_2018-01-11/L-14-3236_S55_R1_001.fastq.gz,/labs/jandr/walter/tb/data/IS-1018/Batch_2018-01-11/L-14-3236_S55_R2_001.fastq.gz,IS-1018,Batch_2018-01-11
L-14-3239,/labs/jandr/walter/tb/data/IS-1018/Batch_2018-01-11/L-14-3239_S92_R1_001.fastq.gz,/labs/jandr/walter/tb/data/IS-1018/Batch_2018-01-11/L-14-3239_S92_R2_001.fastq.gz,IS-1018,Batch_2018-01-11
L-14-3332,/labs/jandr/walter/tb/data/IS-1018/Batch_2018-01-11/L-14-3332_S78_R1_001.fastq.gz,/labs/jandr/walter/tb/data/IS-1018/Batch_2018-01-11/L-14-3332_S78_R2_001.fastq.gz,IS-1018,Batch_2018-01-11
L-14-3361,/labs/jandr/walter/tb/data/IS-1018/Batch_2018-01-11/L-14-3361_S91_R1_001.fastq.gz,/labs/jandr/walter/tb/data/IS-1018/Batch_2018-01-11/L-14-3361_S91_R2_001.fastq.gz,IS-1018,Batch_2018-01-11
L-14-3362,/labs/jandr/walter/tb/data/IS-1018/Batch_2018-01-11/L-14-3362_S21_R1_001.fastq.gz,/labs/jandr/walter/tb/data/IS-1018/Batch_2018-01-11/L-14-3362_S21_R2_001.fastq.gz,IS-1018,Batch_2018-01-11
L-14-3364,/labs/jandr/walter/tb/data/IS-1018/Batch_2018-01-11/L-14-3364_S94_R1_001.fastq.gz,/labs/jandr/walter/tb/data/IS-1018/Batch_2018-01-11/L-14-3364_S94_R2_001.fastq.gz,IS-1018,Batch_2018-01-11
L-14-3383,/labs/jandr/walter/tb/data/IS-1018/Batch_2018-01-11/L-14-3383_S196_R1_001.fastq.gz,/labs/jandr/walter/tb/data/IS-1018/Batch_2018-01-11/L-14-3383_S196_R2_001.fastq.gz,IS-1018,Batch_2018-01-11
L-14-3427,/labs/jandr/walter/tb/data/IS-1018/Batch_2018-01-11/L-14-3427_S256_R1_001.fastq.gz,/labs/jandr/walter/tb/data/IS-1018/Batch_2018-01-11/L-14-3427_S256_R2_001.fastq.gz,IS-1018,Batch_2018-01-11
L-14-3447,/labs/jandr/walter/tb/data/IS-1018/Batch_2018-01-11/L-14-3447_S97_R1_001.fastq.gz,/labs/jandr/walter/tb/data/IS-1018/Batch_2018-01-11/L-14-3447_S97_R2_001.fastq.gz,IS-1018,Batch_2018-01-11
L-14-3461,/labs/jandr/walter/tb/data/IS-1018/Batch_2018-01-11/L-14-3461_S10_R1_001.fastq.gz,/labs/jandr/walter/tb/data/IS-1018/Batch_2018-01-11/L-14-3461_S10_R2_001.fastq.gz,IS-1018,Batch_2018-01-11
L-14-3463,/labs/jandr/walter/tb/data/IS-1018/Batch_2018-01-11/L-14-3463_S85_R1_001.fastq.gz,/labs/jandr/walter/tb/data/IS-1018/Batch_2018-01-11/L-14-3463_S85_R2_001.fastq.gz,IS-1018,Batch_2018-01-11
L-14-3476,/labs/jandr/walter/tb/data/IS-1018/Batch_2018-01-11/L-14-3476_S109_R1_001.fastq.gz,/labs/jandr/walter/tb/data/IS-1018/Batch_2018-01-11/L-14-3476_S109_R2_001.fastq.gz,IS-1018,Batch_2018-01-11
L-14-3602,/labs/jandr/walter/tb/data/IS-1018/Batch_2018-01-11/L-14-3602_S79_R1_001.fastq.gz,/labs/jandr/walter/tb/data/IS-1018/Batch_2018-01-11/L-14-3602_S79_R2_001.fastq.gz,IS-1018,Batch_2018-01-11
L-14-3604,/labs/jandr/walter/tb/data/IS-1018/Batch_2018-01-11/L-14-3604_S52_R1_001.fastq.gz,/labs/jandr/walter/tb/data/IS-1018/Batch_2018-01-11/L-14-3604_S52_R2_001.fastq.gz,IS-1018,Batch_2018-01-11
L-14-367,/labs/jandr/walter/tb/data/IS-1018/Batch_2018-01-11/L-14-367_S219_R1_001.fastq.gz,/labs/jandr/walter/tb/data/IS-1018/Batch_2018-01-11/L-14-367_S219_R2_001.fastq.gz,IS-1018,Batch_2018-01-11
L-14-3685,/labs/jandr/walter/tb/data/IS-1018/Batch_2018-01-11/L-14-3685_S268_R1_001.fastq.gz,/labs/jandr/walter/tb/data/IS-1018/Batch_2018-01-11/L-14-3685_S268_R2_001.fastq.gz,IS-1018,Batch_2018-01-11
L-14-3688,/labs/jandr/walter/tb/data/IS-1018/Batch_2018-01-11/L-14-3688_S252_R1_001.fastq.gz,/labs/jandr/walter/tb/data/IS-1018/Batch_2018-01-11/L-14-3688_S252_R2_001.fastq.gz,IS-1018,Batch_2018-01-11
L-14-3736,/labs/jandr/walter/tb/data/IS-1018/Batch_2018-01-11/L-14-3736_S78_R1_001.fastq.gz,/labs/jandr/walter/tb/data/IS-1018/Batch_2018-01-11/L-14-3736_S78_R2_001.fastq.gz,IS-1018,Batch_2018-01-11
L-14-3990,/labs/jandr/walter/tb/data/IS-1018/Batch_2018-01-11/L-14-3990_S48_R1_001.fastq.gz,/labs/jandr/walter/tb/data/IS-1018/Batch_2018-01-11/L-14-3990_S48_R2_001.fastq.gz,IS-1018,Batch_2018-01-11
L-14-3991,/labs/jandr/walter/tb/data/IS-1018/Batch_2018-01-11/L-14-3991_S53_R1_001.fastq.gz,/labs/jandr/walter/tb/data/IS-1018/Batch_2018-01-11/L-14-3991_S53_R2_001.fastq.gz,IS-1018,Batch_2018-01-11
L-14-3994,/labs/jandr/walter/tb/data/IS-1018/Batch_2018-01-11/L-14-3994_S7_R1_001.fastq.gz,/labs/jandr/walter/tb/data/IS-1018/Batch_2018-01-11/L-14-3994_S7_R2_001.fastq.gz,IS-1018,Batch_2018-01-11
L-14-3996,/labs/jandr/walter/tb/data/IS-1018/Batch_2018-01-11/L-14-3996_S8_R1_001.fastq.gz,/labs/jandr/walter/tb/data/IS-1018/Batch_2018-01-11/L-14-3996_S8_R2_001.fastq.gz,IS-1018,Batch_2018-01-11
L-14-40,/labs/jandr/walter/tb/data/IS-1018/Batch_2018-01-11/L-14-40_S69_R1_001.fastq.gz,/labs/jandr/walter/tb/data/IS-1018/Batch_2018-01-11/L-14-40_S69_R2_001.fastq.gz,IS-1018,Batch_2018-01-11
L-14-427,/labs/jandr/walter/tb/data/IS-1018/Batch_2018-01-11/L-14-427_S2_R1_001.fastq.gz,/labs/jandr/walter/tb/data/IS-1018/Batch_2018-01-11/L-14-427_S2_R2_001.fastq.gz,IS-1018,Batch_2018-01-11
L-14-4295,/labs/jandr/walter/tb/data/IS-1018/Batch_2018-01-11/L-14-4295_S113_R1_001.fastq.gz,/labs/jandr/walter/tb/data/IS-1018/Batch_2018-01-11/L-14-4295_S113_R2_001.fastq.gz,IS-1018,Batch_2018-01-11
L-14-429,/labs/jandr/walter/tb/data/IS-1018/Batch_2018-01-11/L-14-429_S93_R1_001.fastq.gz,/labs/jandr/walter/tb/data/IS-1018/Batch_2018-01-11/L-14-429_S93_R2_001.fastq.gz,IS-1018,Batch_2018-01-11
L-14-4552,/labs/jandr/walter/tb/data/IS-1018/Batch_2018-01-11/L-14-4552_S197_R1_001.fastq.gz,/labs/jandr/walter/tb/data/IS-1018/Batch_2018-01-11/L-14-4552_S197_R2_001.fastq.gz,IS-1018,Batch_2018-01-11
L-14-4604,/labs/jandr/walter/tb/data/IS-1018/Batch_2018-01-11/L-14-4604_S92_R1_001.fastq.gz,/labs/jandr/walter/tb/data/IS-1018/Batch_2018-01-11/L-14-4604_S92_R2_001.fastq.gz,IS-1018,Batch_2018-01-11
L-14-4661,/labs/jandr/walter/tb/data/IS-1018/Batch_2018-01-11/L-14-4661_S49_R1_001.fastq.gz,/labs/jandr/walter/tb/data/IS-1018/Batch_2018-01-11/L-14-4661_S49_R2_001.fastq.gz,IS-1018,Batch_2018-01-11
L-14-4669,/labs/jandr/walter/tb/data/IS-1018/Batch_2018-01-11/L-14-4669_S65_R1_001.fastq.gz,/labs/jandr/walter/tb/data/IS-1018/Batch_2018-01-11/L-14-4669_S65_R2_001.fastq.gz,IS-1018,Batch_2018-01-11
L-14-4683,/labs/jandr/walter/tb/data/IS-1018/Batch_2018-01-11/L-14-4683_S6_R1_001.fastq.gz,/labs/jandr/walter/tb/data/IS-1018/Batch_2018-01-11/L-14-4683_S6_R2_001.fastq.gz,IS-1018,Batch_2018-01-11
L-14-478,/labs/jandr/walter/tb/data/IS-1018/Batch_2018-01-11/L-14-478_S112_R1_001.fastq.gz,/labs/jandr/walter/tb/data/IS-1018/Batch_2018-01-11/L-14-478_S112_R2_001.fastq.gz,IS-1018,Batch_2018-01-11
L-14-4959,/labs/jandr/walter/tb/data/IS-1018/Batch_2018-01-11/L-14-4959_S5_R1_001.fastq.gz,/labs/jandr/walter/tb/data/IS-1018/Batch_2018-01-11/L-14-4959_S5_R2_001.fastq.gz,IS-1018,Batch_2018-01-11
L-14-4960,/labs/jandr/walter/tb/data/IS-1018/Batch_2018-01-11/L-14-4960_S94_R1_001.fastq.gz,/labs/jandr/walter/tb/data/IS-1018/Batch_2018-01-11/L-14-4960_S94_R2_001.fastq.gz,IS-1018,Batch_2018-01-11
L-14-5036,/labs/jandr/walter/tb/data/IS-1018/Batch_2018-01-11/L-14-5036_S89_R1_001.fastq.gz,/labs/jandr/walter/tb/data/IS-1018/Batch_2018-01-11/L-14-5036_S89_R2_001.fastq.gz,IS-1018,Batch_2018-01-11
L-14-5037,/labs/jandr/walter/tb/data/IS-1018/Batch_2018-01-11/L-14-5037_S104_R1_001.fastq.gz,/labs/jandr/walter/tb/data/IS-1018/Batch_2018-01-11/L-14-5037_S104_R2_001.fastq.gz,IS-1018,Batch_2018-01-11
L-14-5092,/labs/jandr/walter/tb/data/IS-1018/Batch_2018-01-11/L-14-5092_S251_R1_001.fastq.gz,/labs/jandr/walter/tb/data/IS-1018/Batch_2018-01-11/L-14-5092_S251_R2_001.fastq.gz,IS-1018,Batch_2018-01-11
L-14-5325,/labs/jandr/walter/tb/data/IS-1018/Batch_2018-01-11/L-14-5325_S75_R1_001.fastq.gz,/labs/jandr/walter/tb/data/IS-1018/Batch_2018-01-11/L-14-5325_S75_R2_001.fastq.gz,IS-1018,Batch_2018-01-11
L-14-5327,/labs/jandr/walter/tb/data/IS-1018/Batch_2018-01-11/L-14-5327_S90_R1_001.fastq.gz,/labs/jandr/walter/tb/data/IS-1018/Batch_2018-01-11/L-14-5327_S90_R2_001.fastq.gz,IS-1018,Batch_2018-01-11
L-14-5340,/labs/jandr/walter/tb/data/IS-1018/Batch_2018-01-11/L-14-5340_S79_R1_001.fastq.gz,/labs/jandr/walter/tb/data/IS-1018/Batch_2018-01-11/L-14-5340_S79_R2_001.fastq.gz,IS-1018,Batch_2018-01-11
L-14-5343,/labs/jandr/walter/tb/data/IS-1018/Batch_2018-01-11/L-14-5343_S101_R1_001.fastq.gz,/labs/jandr/walter/tb/data/IS-1018/Batch_2018-01-11/L-14-5343_S101_R2_001.fastq.gz,IS-1018,Batch_2018-01-11
L-14-5379,/labs/jandr/walter/tb/data/IS-1018/Batch_2018-01-11/L-14-5379_S163_R1_001.fastq.gz,/labs/jandr/walter/tb/data/IS-1018/Batch_2018-01-11/L-14-5379_S163_R2_001.fastq.gz,IS-1018,Batch_2018-01-11
L-14-54,/labs/jandr/walter/tb/data/IS-1018/Batch_2018-01-11/L-14-54_S56_R1_001.fastq.gz,/labs/jandr/walter/tb/data/IS-1018/Batch_2018-01-11/L-14-54_S56_R2_001.fastq.gz,IS-1018,Batch_2018-01-11
L-14-5578,/labs/jandr/walter/tb/data/IS-1018/Batch_2018-01-11/L-14-5578_S48_R1_001.fastq.gz,/labs/jandr/walter/tb/data/IS-1018/Batch_2018-01-11/L-14-5578_S48_R2_001.fastq.gz,IS-1018,Batch_2018-01-11
L-14-5836,/labs/jandr/walter/tb/data/IS-1018/Batch_2018-01-11/L-14-5836_S98_R1_001.fastq.gz,/labs/jandr/walter/tb/data/IS-1018/Batch_2018-01-11/L-14-5836_S98_R2_001.fastq.gz,IS-1018,Batch_2018-01-11
L-14-591,/labs/jandr/walter/tb/data/IS-1018/Batch_2018-01-11/L-14-591_S254_R1_001.fastq.gz,/labs/jandr/walter/tb/data/IS-1018/Batch_2018-01-11/L-14-591_S254_R2_001.fastq.gz,IS-1018,Batch_2018-01-11
L-14-6007,/labs/jandr/walter/tb/data/IS-1018/Batch_2018-01-11/L-14-6007_S242_R1_001.fastq.gz,/labs/jandr/walter/tb/data/IS-1018/Batch_2018-01-11/L-14-6007_S242_R2_001.fastq.gz,IS-1018,Batch_2018-01-11
L-14-603,/labs/jandr/walter/tb/data/IS-1018/Batch_2018-01-11/L-14-603_S86_R1_001.fastq.gz,/labs/jandr/walter/tb/data/IS-1018/Batch_2018-01-11/L-14-603_S86_R2_001.fastq.gz,IS-1018,Batch_2018-01-11
L-14-6054,/labs/jandr/walter/tb/data/IS-1018/Batch_2018-01-11/L-14-6054_S102_R1_001.fastq.gz,/labs/jandr/walter/tb/data/IS-1018/Batch_2018-01-11/L-14-6054_S102_R2_001.fastq.gz,IS-1018,Batch_2018-01-11
L-14-6094,/labs/jandr/walter/tb/data/IS-1018/Batch_2018-01-11/L-14-6094_S110_R1_001.fastq.gz,/labs/jandr/walter/tb/data/IS-1018/Batch_2018-01-11/L-14-6094_S110_R2_001.fastq.gz,IS-1018,Batch_2018-01-11
L-14-6125,/labs/jandr/walter/tb/data/IS-1018/Batch_2018-01-11/L-14-6125_S67_R1_001.fastq.gz,/labs/jandr/walter/tb/data/IS-1018/Batch_2018-01-11/L-14-6125_S67_R2_001.fastq.gz,IS-1018,Batch_2018-01-11
L-14-6209,/labs/jandr/walter/tb/data/IS-1018/Batch_2018-01-11/L-14-6209_S83_R1_001.fastq.gz,/labs/jandr/walter/tb/data/IS-1018/Batch_2018-01-11/L-14-6209_S83_R2_001.fastq.gz,IS-1018,Batch_2018-01-11
L-14-621,/labs/jandr/walter/tb/data/IS-1018/Batch_2018-01-11/L-14-621_S45_R1_001.fastq.gz,/labs/jandr/walter/tb/data/IS-1018/Batch_2018-01-11/L-14-621_S45_R2_001.fastq.gz,IS-1018,Batch_2018-01-11
L-14-6266,/labs/jandr/walter/tb/data/IS-1018/Batch_2018-01-11/L-14-6266_S154_R1_001.fastq.gz,/labs/jandr/walter/tb/data/IS-1018/Batch_2018-01-11/L-14-6266_S154_R2_001.fastq.gz,IS-1018,Batch_2018-01-11
L-14-6418,/labs/jandr/walter/tb/data/IS-1018/Batch_2018-01-11/L-14-6418_S255_R1_001.fastq.gz,/labs/jandr/walter/tb/data/IS-1018/Batch_2018-01-11/L-14-6418_S255_R2_001.fastq.gz,IS-1018,Batch_2018-01-11
L-14-6595,/labs/jandr/walter/tb/data/IS-1018/Batch_2018-01-11/L-14-6595_S151_R1_001.fastq.gz,/labs/jandr/walter/tb/data/IS-1018/Batch_2018-01-11/L-14-6595_S151_R2_001.fastq.gz,IS-1018,Batch_2018-01-11
L-14-65,/labs/jandr/walter/tb/data/IS-1018/Batch_2018-01-11/L-14-65_S43_R1_001.fastq.gz,/labs/jandr/walter/tb/data/IS-1018/Batch_2018-01-11/L-14-65_S43_R2_001.fastq.gz,IS-1018,Batch_2018-01-11
L-14-6672,/labs/jandr/walter/tb/data/IS-1018/Batch_2018-01-11/L-14-6672_S153_R1_001.fastq.gz,/labs/jandr/walter/tb/data/IS-1018/Batch_2018-01-11/L-14-6672_S153_R2_001.fastq.gz,IS-1018,Batch_2018-01-11
L-14-6676,/labs/jandr/walter/tb/data/IS-1018/Batch_2018-01-11/L-14-6676_S84_R1_001.fastq.gz,/labs/jandr/walter/tb/data/IS-1018/Batch_2018-01-11/L-14-6676_S84_R2_001.fastq.gz,IS-1018,Batch_2018-01-11
L-14-6866,/labs/jandr/walter/tb/data/IS-1018/Batch_2018-01-11/L-14-6866_S99_R1_001.fastq.gz,/labs/jandr/walter/tb/data/IS-1018/Batch_2018-01-11/L-14-6866_S99_R2_001.fastq.gz,IS-1018,Batch_2018-01-11
L-14-6940,/labs/jandr/walter/tb/data/IS-1018/Batch_2018-01-11/L-14-6940_S76_R1_001.fastq.gz,/labs/jandr/walter/tb/data/IS-1018/Batch_2018-01-11/L-14-6940_S76_R2_001.fastq.gz,IS-1018,Batch_2018-01-11
L-14-6943,/labs/jandr/walter/tb/data/IS-1018/Batch_2018-01-11/L-14-6943_S82_R1_001.fastq.gz,/labs/jandr/walter/tb/data/IS-1018/Batch_2018-01-11/L-14-6943_S82_R2_001.fastq.gz,IS-1018,Batch_2018-01-11
L-14-724,/labs/jandr/walter/tb/data/IS-1018/Batch_2018-01-11/L-14-724_S54_R1_001.fastq.gz,/labs/jandr/walter/tb/data/IS-1018/Batch_2018-01-11/L-14-724_S54_R2_001.fastq.gz,IS-1018,Batch_2018-01-11
L-14-725,/labs/jandr/walter/tb/data/IS-1018/Batch_2018-01-11/L-14-725_S19_R1_001.fastq.gz,/labs/jandr/walter/tb/data/IS-1018/Batch_2018-01-11/L-14-725_S19_R2_001.fastq.gz,IS-1018,Batch_2018-01-11
L-14-739,/labs/jandr/walter/tb/data/IS-1018/Batch_2018-01-11/L-14-739_S1_R1_001.fastq.gz,/labs/jandr/walter/tb/data/IS-1018/Batch_2018-01-11/L-14-739_S1_R2_001.fastq.gz,IS-1018,Batch_2018-01-11
L-14-794,/labs/jandr/walter/tb/data/IS-1018/Batch_2018-01-11/L-14-794_S58_R1_001.fastq.gz,/labs/jandr/walter/tb/data/IS-1018/Batch_2018-01-11/L-14-794_S58_R2_001.fastq.gz,IS-1018,Batch_2018-01-11
L-14-829,/labs/jandr/walter/tb/data/IS-1018/Batch_2018-01-11/L-14-829_S103_R1_001.fastq.gz,/labs/jandr/walter/tb/data/IS-1018/Batch_2018-01-11/L-14-829_S103_R2_001.fastq.gz,IS-1018,Batch_2018-01-11
L-14-830,/labs/jandr/walter/tb/data/IS-1018/Batch_2018-01-11/L-14-830_S72_R1_001.fastq.gz,/labs/jandr/walter/tb/data/IS-1018/Batch_2018-01-11/L-14-830_S72_R2_001.fastq.gz,IS-1018,Batch_2018-01-11
L-14-839,/labs/jandr/walter/tb/data/IS-1018/Batch_2018-01-11/L-14-839_S239_R1_001.fastq.gz,/labs/jandr/walter/tb/data/IS-1018/Batch_2018-01-11/L-14-839_S239_R2_001.fastq.gz,IS-1018,Batch_2018-01-11
L-15-1000,/labs/jandr/walter/tb/data/IS-1018/Batch_2018-01-11/L-15-1000_S45_R1_001.fastq.gz,/labs/jandr/walter/tb/data/IS-1018/Batch_2018-01-11/L-15-1000_S45_R2_001.fastq.gz,IS-1018,Batch_2018-01-11
L-15-1004,/labs/jandr/walter/tb/data/IS-1018/Batch_2018-01-11/L-15-1004_S15_R1_001.fastq.gz,/labs/jandr/walter/tb/data/IS-1018/Batch_2018-01-11/L-15-1004_S15_R2_001.fastq.gz,IS-1018,Batch_2018-01-11
L-15-118,/labs/jandr/walter/tb/data/IS-1018/Batch_2018-01-11/L-15-118_S78_R1_001.fastq.gz,/labs/jandr/walter/tb/data/IS-1018/Batch_2018-01-11/L-15-118_S78_R2_001.fastq.gz,IS-1018,Batch_2018-01-11
L-15-1237,/labs/jandr/walter/tb/data/IS-1018/Batch_2018-01-11/L-15-1237_S32_R1_001.fastq.gz,/labs/jandr/walter/tb/data/IS-1018/Batch_2018-01-11/L-15-1237_S32_R2_001.fastq.gz,IS-1018,Batch_2018-01-11
L-15-1239,/labs/jandr/walter/tb/data/IS-1018/Batch_2018-01-11/L-15-1239_S70_R1_001.fastq.gz,/labs/jandr/walter/tb/data/IS-1018/Batch_2018-01-11/L-15-1239_S70_R2_001.fastq.gz,IS-1018,Batch_2018-01-11
L-15-1242,/labs/jandr/walter/tb/data/IS-1018/Batch_2018-01-11/L-15-1242_S14_R1_001.fastq.gz,/labs/jandr/walter/tb/data/IS-1018/Batch_2018-01-11/L-15-1242_S14_R2_001.fastq.gz,IS-1018,Batch_2018-01-11
L-15-1248,/labs/jandr/walter/tb/data/IS-1018/Batch_2018-01-11/L-15-1248_S42_R1_001.fastq.gz,/labs/jandr/walter/tb/data/IS-1018/Batch_2018-01-11/L-15-1248_S42_R2_001.fastq.gz,IS-1018,Batch_2018-01-11
L-15-125,/labs/jandr/walter/tb/data/IS-1018/Batch_2018-01-11/L-15-125_S63_R1_001.fastq.gz,/labs/jandr/walter/tb/data/IS-1018/Batch_2018-01-11/L-15-125_S63_R2_001.fastq.gz,IS-1018,Batch_2018-01-11
L-15-1298,/labs/jandr/walter/tb/data/IS-1018/Batch_2018-01-11/L-15-1298_S98_R1_001.fastq.gz,/labs/jandr/walter/tb/data/IS-1018/Batch_2018-01-11/L-15-1298_S98_R2_001.fastq.gz,IS-1018,Batch_2018-01-11
L-15-1310,/labs/jandr/walter/tb/data/IS-1018/Batch_2018-01-11/L-15-1310_S59_R1_001.fastq.gz,/labs/jandr/walter/tb/data/IS-1018/Batch_2018-01-11/L-15-1310_S59_R2_001.fastq.gz,IS-1018,Batch_2018-01-11
L-15-1425,/labs/jandr/walter/tb/data/IS-1018/Batch_2018-01-11/L-15-1425_S74_R1_001.fastq.gz,/labs/jandr/walter/tb/data/IS-1018/Batch_2018-01-11/L-15-1425_S74_R2_001.fastq.gz,IS-1018,Batch_2018-01-11
L-15-1447,/labs/jandr/walter/tb/data/IS-1018/Batch_2018-01-11/L-15-1447_S28_R1_001.fastq.gz,/labs/jandr/walter/tb/data/IS-1018/Batch_2018-01-11/L-15-1447_S28_R2_001.fastq.gz,IS-1018,Batch_2018-01-11
L-15-1477,/labs/jandr/walter/tb/data/IS-1018/Batch_2018-01-11/L-15-1477_S51_R1_001.fastq.gz,/labs/jandr/walter/tb/data/IS-1018/Batch_2018-01-11/L-15-1477_S51_R2_001.fastq.gz,IS-1018,Batch_2018-01-11
L-15-1482,/labs/jandr/walter/tb/data/IS-1018/Batch_2018-01-11/L-15-1482_S29_R1_001.fastq.gz,/labs/jandr/walter/tb/data/IS-1018/Batch_2018-01-11/L-15-1482_S29_R2_001.fastq.gz,IS-1018,Batch_2018-01-11
L-15-1499,/labs/jandr/walter/tb/data/IS-1018/Batch_2018-01-11/L-15-1499_S261_R1_001.fastq.gz,/labs/jandr/walter/tb/data/IS-1018/Batch_2018-01-11/L-15-1499_S261_R2_001.fastq.gz,IS-1018,Batch_2018-01-11
L-15-1659,/labs/jandr/walter/tb/data/IS-1018/Batch_2018-01-11/L-15-1659_S58_R1_001.fastq.gz,/labs/jandr/walter/tb/data/IS-1018/Batch_2018-01-11/L-15-1659_S58_R2_001.fastq.gz,IS-1018,Batch_2018-01-11
L-15-1759,/labs/jandr/walter/tb/data/IS-1018/Batch_2018-01-11/L-15-1759_S40_R1_001.fastq.gz,/labs/jandr/walter/tb/data/IS-1018/Batch_2018-01-11/L-15-1759_S40_R2_001.fastq.gz,IS-1018,Batch_2018-01-11
L-15-1764,/labs/jandr/walter/tb/data/IS-1018/Batch_2018-01-11/L-15-1764_S46_R1_001.fastq.gz,/labs/jandr/walter/tb/data/IS-1018/Batch_2018-01-11/L-15-1764_S46_R2_001.fastq.gz,IS-1018,Batch_2018-01-11
L-15-1804,/labs/jandr/walter/tb/data/IS-1018/Batch_2018-01-11/L-15-1804_S95_R1_001.fastq.gz,/labs/jandr/walter/tb/data/IS-1018/Batch_2018-01-11/L-15-1804_S95_R2_001.fastq.gz,IS-1018,Batch_2018-01-11
L-15-1829,/labs/jandr/walter/tb/data/IS-1018/Batch_2018-01-11/L-15-1829_S49_R1_001.fastq.gz,/labs/jandr/walter/tb/data/IS-1018/Batch_2018-01-11/L-15-1829_S49_R2_001.fastq.gz,IS-1018,Batch_2018-01-11
L-15-1858,/labs/jandr/walter/tb/data/IS-1018/Batch_2018-01-11/L-15-1858_S13_R1_001.fastq.gz,/labs/jandr/walter/tb/data/IS-1018/Batch_2018-01-11/L-15-1858_S13_R2_001.fastq.gz,IS-1018,Batch_2018-01-11
L-15-1861,/labs/jandr/walter/tb/data/IS-1018/Batch_2018-01-11/L-15-1861_S56_R1_001.fastq.gz,/labs/jandr/walter/tb/data/IS-1018/Batch_2018-01-11/L-15-1861_S56_R2_001.fastq.gz,IS-1018,Batch_2018-01-11
L-15-1864,/labs/jandr/walter/tb/data/IS-1018/Batch_2018-01-11/L-15-1864_S26_R1_001.fastq.gz,/labs/jandr/walter/tb/data/IS-1018/Batch_2018-01-11/L-15-1864_S26_R2_001.fastq.gz,IS-1018,Batch_2018-01-11
L-15-2018,/labs/jandr/walter/tb/data/IS-1018/Batch_2018-01-11/L-15-2018_S17_R1_001.fastq.gz,/labs/jandr/walter/tb/data/IS-1018/Batch_2018-01-11/L-15-2018_S17_R2_001.fastq.gz,IS-1018,Batch_2018-01-11
L-15-2019,/labs/jandr/walter/tb/data/IS-1018/Batch_2018-01-11/L-15-2019_S39_R1_001.fastq.gz,/labs/jandr/walter/tb/data/IS-1018/Batch_2018-01-11/L-15-2019_S39_R2_001.fastq.gz,IS-1018,Batch_2018-01-11
L-15-2026,/labs/jandr/walter/tb/data/IS-1018/Batch_2018-01-11/L-15-2026_S75_R1_001.fastq.gz,/labs/jandr/walter/tb/data/IS-1018/Batch_2018-01-11/L-15-2026_S75_R2_001.fastq.gz,IS-1018,Batch_2018-01-11
L-15-2076,/labs/jandr/walter/tb/data/IS-1018/Batch_2018-01-11/L-15-2076_S116_R1_001.fastq.gz,/labs/jandr/walter/tb/data/IS-1018/Batch_2018-01-11/L-15-2076_S116_R2_001.fastq.gz,IS-1018,Batch_2018-01-11
L-15-2089,/labs/jandr/walter/tb/data/IS-1018/Batch_2018-01-11/L-15-2089_S33_R1_001.fastq.gz,/labs/jandr/walter/tb/data/IS-1018/Batch_2018-01-11/L-15-2089_S33_R2_001.fastq.gz,IS-1018,Batch_2018-01-11
L-15-2090,/labs/jandr/walter/tb/data/IS-1018/Batch_2018-01-11/L-15-2090_S41_R1_001.fastq.gz,/labs/jandr/walter/tb/data/IS-1018/Batch_2018-01-11/L-15-2090_S41_R2_001.fastq.gz,IS-1018,Batch_2018-01-11
L-15-2128,/labs/jandr/walter/tb/data/IS-1018/Batch_2018-01-11/L-15-2128_S51_R1_001.fastq.gz,/labs/jandr/walter/tb/data/IS-1018/Batch_2018-01-11/L-15-2128_S51_R2_001.fastq.gz,IS-1018,Batch_2018-01-11
L-15-21,/labs/jandr/walter/tb/data/IS-1018/Batch_2018-01-11/L-15-21_S129_R1_001.fastq.gz,/labs/jandr/walter/tb/data/IS-1018/Batch_2018-01-11/L-15-21_S129_R2_001.fastq.gz,IS-1018,Batch_2018-01-11
L-15-2263,/labs/jandr/walter/tb/data/IS-1018/Batch_2018-01-11/L-15-2263_S103_R1_001.fastq.gz,/labs/jandr/walter/tb/data/IS-1018/Batch_2018-01-11/L-15-2263_S103_R2_001.fastq.gz,IS-1018,Batch_2018-01-11
L-15-2290,/labs/jandr/walter/tb/data/IS-1018/Batch_2018-01-11/L-15-2290_S67_R1_001.fastq.gz,/labs/jandr/walter/tb/data/IS-1018/Batch_2018-01-11/L-15-2290_S67_R2_001.fastq.gz,IS-1018,Batch_2018-01-11
L-15-2302,/labs/jandr/walter/tb/data/IS-1018/Batch_2018-01-11/L-15-2302_S188_R1_001.fastq.gz,/labs/jandr/walter/tb/data/IS-1018/Batch_2018-01-11/L-15-2302_S188_R2_001.fastq.gz,IS-1018,Batch_2018-01-11
L-15-2303,/labs/jandr/walter/tb/data/IS-1018/Batch_2018-01-11/L-15-2303_S117_R1_001.fastq.gz,/labs/jandr/walter/tb/data/IS-1018/Batch_2018-01-11/L-15-2303_S117_R2_001.fastq.gz,IS-1018,Batch_2018-01-11
L-15-2515,/labs/jandr/walter/tb/data/IS-1018/Batch_2018-01-11/L-15-2515_S72_R1_001.fastq.gz,/labs/jandr/walter/tb/data/IS-1018/Batch_2018-01-11/L-15-2515_S72_R2_001.fastq.gz,IS-1018,Batch_2018-01-11
L-15-2516,/labs/jandr/walter/tb/data/IS-1018/Batch_2018-01-11/L-15-2516_S66_R1_001.fastq.gz,/labs/jandr/walter/tb/data/IS-1018/Batch_2018-01-11/L-15-2516_S66_R2_001.fastq.gz,IS-1018,Batch_2018-01-11
L-15-2569,/labs/jandr/walter/tb/data/IS-1018/Batch_2018-01-11/L-15-2569_S71_R1_001.fastq.gz,/labs/jandr/walter/tb/data/IS-1018/Batch_2018-01-11/L-15-2569_S71_R2_001.fastq.gz,IS-1018,Batch_2018-01-11
L-15-2738,/labs/jandr/walter/tb/data/IS-1018/Batch_2018-01-11/L-15-2738_S119_R1_001.fastq.gz,/labs/jandr/walter/tb/data/IS-1018/Batch_2018-01-11/L-15-2738_S119_R2_001.fastq.gz,IS-1018,Batch_2018-01-11
L-15-2762,/labs/jandr/walter/tb/data/IS-1018/Batch_2018-01-11/L-15-2762_S59_R1_001.fastq.gz,/labs/jandr/walter/tb/data/IS-1018/Batch_2018-01-11/L-15-2762_S59_R2_001.fastq.gz,IS-1018,Batch_2018-01-11
L-15-2767,/labs/jandr/walter/tb/data/IS-1018/Batch_2018-01-11/L-15-2767_S76_R1_001.fastq.gz,/labs/jandr/walter/tb/data/IS-1018/Batch_2018-01-11/L-15-2767_S76_R2_001.fastq.gz,IS-1018,Batch_2018-01-11
L-15-2824,/labs/jandr/walter/tb/data/IS-1018/Batch_2018-01-11/L-15-2824_S120_R1_001.fastq.gz,/labs/jandr/walter/tb/data/IS-1018/Batch_2018-01-11/L-15-2824_S120_R2_001.fastq.gz,IS-1018,Batch_2018-01-11
L-15-2986,/labs/jandr/walter/tb/data/IS-1018/Batch_2018-01-11/L-15-2986_S81_R1_001.fastq.gz,/labs/jandr/walter/tb/data/IS-1018/Batch_2018-01-11/L-15-2986_S81_R2_001.fastq.gz,IS-1018,Batch_2018-01-11
L-15-298,/labs/jandr/walter/tb/data/IS-1018/Batch_2018-01-11/L-15-298_S122_R1_001.fastq.gz,/labs/jandr/walter/tb/data/IS-1018/Batch_2018-01-11/L-15-298_S122_R2_001.fastq.gz,IS-1018,Batch_2018-01-11
L-15-3016,/labs/jandr/walter/tb/data/IS-1018/Batch_2018-01-11/L-15-3016_S54_R1_001.fastq.gz,/labs/jandr/walter/tb/data/IS-1018/Batch_2018-01-11/L-15-3016_S54_R2_001.fastq.gz,IS-1018,Batch_2018-01-11
L-15-3019,/labs/jandr/walter/tb/data/IS-1018/Batch_2018-01-11/L-15-3019_S123_R1_001.fastq.gz,/labs/jandr/walter/tb/data/IS-1018/Batch_2018-01-11/L-15-3019_S123_R2_001.fastq.gz,IS-1018,Batch_2018-01-11
L-15-3077,/labs/jandr/walter/tb/data/IS-1018/Batch_2018-01-11/L-15-3077_S61_R1_001.fastq.gz,/labs/jandr/walter/tb/data/IS-1018/Batch_2018-01-11/L-15-3077_S61_R2_001.fastq.gz,IS-1018,Batch_2018-01-11
L-15-3295,/labs/jandr/walter/tb/data/IS-1018/Batch_2018-01-11/L-15-3295_S79_R1_001.fastq.gz,/labs/jandr/walter/tb/data/IS-1018/Batch_2018-01-11/L-15-3295_S79_R2_001.fastq.gz,IS-1018,Batch_2018-01-11
L-15-32,/labs/jandr/walter/tb/data/IS-1018/Batch_2018-01-11/L-15-32_S62_R1_001.fastq.gz,/labs/jandr/walter/tb/data/IS-1018/Batch_2018-01-11/L-15-32_S62_R2_001.fastq.gz,IS-1018,Batch_2018-01-11
L-15-3300,/labs/jandr/walter/tb/data/IS-1018/Batch_2018-01-11/L-15-3300_S60_R1_001.fastq.gz,/labs/jandr/walter/tb/data/IS-1018/Batch_2018-01-11/L-15-3300_S60_R2_001.fastq.gz,IS-1018,Batch_2018-01-11
L-15-3316,/labs/jandr/walter/tb/data/IS-1018/Batch_2018-01-11/L-15-3316_S65_R1_001.fastq.gz,/labs/jandr/walter/tb/data/IS-1018/Batch_2018-01-11/L-15-3316_S65_R2_001.fastq.gz,IS-1018,Batch_2018-01-11
L-15-3405,/labs/jandr/walter/tb/data/IS-1018/Batch_2018-01-11/L-15-3405_S80_R1_001.fastq.gz,/labs/jandr/walter/tb/data/IS-1018/Batch_2018-01-11/L-15-3405_S80_R2_001.fastq.gz,IS-1018,Batch_2018-01-11
L-15-3448,/labs/jandr/walter/tb/data/IS-1018/Batch_2018-01-11/L-15-3448_S77_R1_001.fastq.gz,/labs/jandr/walter/tb/data/IS-1018/Batch_2018-01-11/L-15-3448_S77_R2_001.fastq.gz,IS-1018,Batch_2018-01-11
L-15-3466,/labs/jandr/walter/tb/data/IS-1018/Batch_2018-01-11/L-15-3466_S115_R1_001.fastq.gz,/labs/jandr/walter/tb/data/IS-1018/Batch_2018-01-11/L-15-3466_S115_R2_001.fastq.gz,IS-1018,Batch_2018-01-11
L-15-3569,/labs/jandr/walter/tb/data/IS-1018/Batch_2018-01-11/L-15-3569_S77_R1_001.fastq.gz,/labs/jandr/walter/tb/data/IS-1018/Batch_2018-01-11/L-15-3569_S77_R2_001.fastq.gz,IS-1018,Batch_2018-01-11
L-15-3588,/labs/jandr/walter/tb/data/IS-1018/Batch_2018-01-11/L-15-3588_S113_R1_001.fastq.gz,/labs/jandr/walter/tb/data/IS-1018/Batch_2018-01-11/L-15-3588_S113_R2_001.fastq.gz,IS-1018,Batch_2018-01-11
L-15-3623,/labs/jandr/walter/tb/data/IS-1018/Batch_2018-01-11/L-15-3623_S138_R1_001.fastq.gz,/labs/jandr/walter/tb/data/IS-1018/Batch_2018-01-11/L-15-3623_S138_R2_001.fastq.gz,IS-1018,Batch_2018-01-11
L-15-3780,/labs/jandr/walter/tb/data/IS-1018/Batch_2018-01-11/L-15-3780_S31_R1_001.fastq.gz,/labs/jandr/walter/tb/data/IS-1018/Batch_2018-01-11/L-15-3780_S31_R2_001.fastq.gz,IS-1018,Batch_2018-01-11
L-15-3792,/labs/jandr/walter/tb/data/IS-1018/Batch_2018-01-11/L-15-3792_S121_R1_001.fastq.gz,/labs/jandr/walter/tb/data/IS-1018/Batch_2018-01-11/L-15-3792_S121_R2_001.fastq.gz,IS-1018,Batch_2018-01-11
L-15-3806,/labs/jandr/walter/tb/data/IS-1018/Batch_2018-01-11/L-15-3806_S106_R1_001.fastq.gz,/labs/jandr/walter/tb/data/IS-1018/Batch_2018-01-11/L-15-3806_S106_R2_001.fastq.gz,IS-1018,Batch_2018-01-11
L-15-3980,/labs/jandr/walter/tb/data/IS-1018/Batch_2018-01-11/L-15-3980_S18_R1_001.fastq.gz,/labs/jandr/walter/tb/data/IS-1018/Batch_2018-01-11/L-15-3980_S18_R2_001.fastq.gz,IS-1018,Batch_2018-01-11
L-15-4181,/labs/jandr/walter/tb/data/IS-1018/Batch_2018-01-11/L-15-4181_S107_R1_001.fastq.gz,/labs/jandr/walter/tb/data/IS-1018/Batch_2018-01-11/L-15-4181_S107_R2_001.fastq.gz,IS-1018,Batch_2018-01-11
L-15-4294,/labs/jandr/walter/tb/data/IS-1018/Batch_2018-01-11/L-15-4294_S146_R1_001.fastq.gz,/labs/jandr/walter/tb/data/IS-1018/Batch_2018-01-11/L-15-4294_S146_R2_001.fastq.gz,IS-1018,Batch_2018-01-11
L-15-449,/labs/jandr/walter/tb/data/IS-1018/Batch_2018-01-11/L-15-449_S62_R1_001.fastq.gz,/labs/jandr/walter/tb/data/IS-1018/Batch_2018-01-11/L-15-449_S62_R2_001.fastq.gz,IS-1018,Batch_2018-01-11
L-15-4555,/labs/jandr/walter/tb/data/IS-1018/Batch_2018-01-11/L-15-4555_S127_R1_001.fastq.gz,/labs/jandr/walter/tb/data/IS-1018/Batch_2018-01-11/L-15-4555_S127_R2_001.fastq.gz,IS-1018,Batch_2018-01-11
L-15-4564,/labs/jandr/walter/tb/data/IS-1018/Batch_2018-01-11/L-15-4564_S55_R1_001.fastq.gz,/labs/jandr/walter/tb/data/IS-1018/Batch_2018-01-11/L-15-4564_S55_R2_001.fastq.gz,IS-1018,Batch_2018-01-11
L-15-4683,/labs/jandr/walter/tb/data/IS-1018/Batch_2018-01-11/L-15-4683_S88_R1_001.fastq.gz,/labs/jandr/walter/tb/data/IS-1018/Batch_2018-01-11/L-15-4683_S88_R2_001.fastq.gz,IS-1018,Batch_2018-01-11
L-15-4685,/labs/jandr/walter/tb/data/IS-1018/Batch_2018-01-11/L-15-4685_S60_R1_001.fastq.gz,/labs/jandr/walter/tb/data/IS-1018/Batch_2018-01-11/L-15-4685_S60_R2_001.fastq.gz,IS-1018,Batch_2018-01-11
L-15-4689,/labs/jandr/walter/tb/data/IS-1018/Batch_2018-01-11/L-15-4689_S139_R1_001.fastq.gz,/labs/jandr/walter/tb/data/IS-1018/Batch_2018-01-11/L-15-4689_S139_R2_001.fastq.gz,IS-1018,Batch_2018-01-11
L-15-4976,/labs/jandr/walter/tb/data/IS-1018/Batch_2018-01-11/L-15-4976_S134_R1_001.fastq.gz,/labs/jandr/walter/tb/data/IS-1018/Batch_2018-01-11/L-15-4976_S134_R2_001.fastq.gz,IS-1018,Batch_2018-01-11
L-15-4993,/labs/jandr/walter/tb/data/IS-1018/Batch_2018-01-11/L-15-4993_S260_R1_001.fastq.gz,/labs/jandr/walter/tb/data/IS-1018/Batch_2018-01-11/L-15-4993_S260_R2_001.fastq.gz,IS-1018,Batch_2018-01-11
L-15-517,/labs/jandr/walter/tb/data/IS-1018/Batch_2018-01-11/L-15-517_S81_R1_001.fastq.gz,/labs/jandr/walter/tb/data/IS-1018/Batch_2018-01-11/L-15-517_S81_R2_001.fastq.gz,IS-1018,Batch_2018-01-11
L-15-5227,/labs/jandr/walter/tb/data/IS-1018/Batch_2018-01-11/L-15-5227_S27_R1_001.fastq.gz,/labs/jandr/walter/tb/data/IS-1018/Batch_2018-01-11/L-15-5227_S27_R2_001.fastq.gz,IS-1018,Batch_2018-01-11
L-15-5228,/labs/jandr/walter/tb/data/IS-1018/Batch_2018-01-11/L-15-5228_S30_R1_001.fastq.gz,/labs/jandr/walter/tb/data/IS-1018/Batch_2018-01-11/L-15-5228_S30_R2_001.fastq.gz,IS-1018,Batch_2018-01-11
L-15-5230,/labs/jandr/walter/tb/data/IS-1018/Batch_2018-01-11/L-15-5230_S47_R1_001.fastq.gz,/labs/jandr/walter/tb/data/IS-1018/Batch_2018-01-11/L-15-5230_S47_R2_001.fastq.gz,IS-1018,Batch_2018-01-11
L-15-523,/labs/jandr/walter/tb/data/IS-1018/Batch_2018-01-11/L-15-523_S89_R1_001.fastq.gz,/labs/jandr/walter/tb/data/IS-1018/Batch_2018-01-11/L-15-523_S89_R2_001.fastq.gz,IS-1018,Batch_2018-01-11
L-15-544,/labs/jandr/walter/tb/data/IS-1018/Batch_2018-01-11/L-15-544_S12_R1_001.fastq.gz,/labs/jandr/walter/tb/data/IS-1018/Batch_2018-01-11/L-15-544_S12_R2_001.fastq.gz,IS-1018,Batch_2018-01-11
L-15-5653,/labs/jandr/walter/tb/data/IS-1018/Batch_2018-01-11/L-15-5653_S16_R1_001.fastq.gz,/labs/jandr/walter/tb/data/IS-1018/Batch_2018-01-11/L-15-5653_S16_R2_001.fastq.gz,IS-1018,Batch_2018-01-11
L-15-5793,/labs/jandr/walter/tb/data/IS-1018/Batch_2018-01-11/L-15-5793_S111_R1_001.fastq.gz,/labs/jandr/walter/tb/data/IS-1018/Batch_2018-01-11/L-15-5793_S111_R2_001.fastq.gz,IS-1018,Batch_2018-01-11
L-15-5941,/labs/jandr/walter/tb/data/IS-1018/Batch_2018-01-11/L-15-5941_S172_R1_001.fastq.gz,/labs/jandr/walter/tb/data/IS-1018/Batch_2018-01-11/L-15-5941_S172_R2_001.fastq.gz,IS-1018,Batch_2018-01-11
L-15-5946,/labs/jandr/walter/tb/data/IS-1018/Batch_2018-01-11/L-15-5946_S86_R1_001.fastq.gz,/labs/jandr/walter/tb/data/IS-1018/Batch_2018-01-11/L-15-5946_S86_R2_001.fastq.gz,IS-1018,Batch_2018-01-11
L-15-5965,/labs/jandr/walter/tb/data/IS-1018/Batch_2018-01-11/L-15-5965_S64_R1_001.fastq.gz,/labs/jandr/walter/tb/data/IS-1018/Batch_2018-01-11/L-15-5965_S64_R2_001.fastq.gz,IS-1018,Batch_2018-01-11
L-15-6009,/labs/jandr/walter/tb/data/IS-1018/Batch_2018-01-11/L-15-6009_S91_R1_001.fastq.gz,/labs/jandr/walter/tb/data/IS-1018/Batch_2018-01-11/L-15-6009_S91_R2_001.fastq.gz,IS-1018,Batch_2018-01-11
L-15-6017,/labs/jandr/walter/tb/data/IS-1018/Batch_2018-01-11/L-15-6017_S20_R1_001.fastq.gz,/labs/jandr/walter/tb/data/IS-1018/Batch_2018-01-11/L-15-6017_S20_R2_001.fastq.gz,IS-1018,Batch_2018-01-11
L-15-6108,/labs/jandr/walter/tb/data/IS-1018/Batch_2018-01-11/L-15-6108_S259_R1_001.fastq.gz,/labs/jandr/walter/tb/data/IS-1018/Batch_2018-01-11/L-15-6108_S259_R2_001.fastq.gz,IS-1018,Batch_2018-01-11
L-15-6117,/labs/jandr/walter/tb/data/IS-1018/Batch_2018-01-11/L-15-6117_S35_R1_001.fastq.gz,/labs/jandr/walter/tb/data/IS-1018/Batch_2018-01-11/L-15-6117_S35_R2_001.fastq.gz,IS-1018,Batch_2018-01-11
L-15-6154,/labs/jandr/walter/tb/data/IS-1018/Batch_2018-01-11/L-15-6154_S64_R1_001.fastq.gz,/labs/jandr/walter/tb/data/IS-1018/Batch_2018-01-11/L-15-6154_S64_R2_001.fastq.gz,IS-1018,Batch_2018-01-11
L-15-6330,/labs/jandr/walter/tb/data/IS-1018/Batch_2018-01-11/L-15-6330_S141_R1_001.fastq.gz,/labs/jandr/walter/tb/data/IS-1018/Batch_2018-01-11/L-15-6330_S141_R2_001.fastq.gz,IS-1018,Batch_2018-01-11
L-15-6346,/labs/jandr/walter/tb/data/IS-1018/Batch_2018-01-11/L-15-6346_S183_R1_001.fastq.gz,/labs/jandr/walter/tb/data/IS-1018/Batch_2018-01-11/L-15-6346_S183_R2_001.fastq.gz,IS-1018,Batch_2018-01-11
L-15-6364,/labs/jandr/walter/tb/data/IS-1018/Batch_2018-01-11/L-15-6364_S57_R1_001.fastq.gz,/labs/jandr/walter/tb/data/IS-1018/Batch_2018-01-11/L-15-6364_S57_R2_001.fastq.gz,IS-1018,Batch_2018-01-11
L-15-637,/labs/jandr/walter/tb/data/IS-1018/Batch_2018-01-11/L-15-637_S68_R1_001.fastq.gz,/labs/jandr/walter/tb/data/IS-1018/Batch_2018-01-11/L-15-637_S68_R2_001.fastq.gz,IS-1018,Batch_2018-01-11
L-15-638,/labs/jandr/walter/tb/data/IS-1018/Batch_2018-01-11/L-15-638_S38_R1_001.fastq.gz,/labs/jandr/walter/tb/data/IS-1018/Batch_2018-01-11/L-15-638_S38_R2_001.fastq.gz,IS-1018,Batch_2018-01-11
L-15-647,/labs/jandr/walter/tb/data/IS-1018/Batch_2018-01-11/L-15-647_S52_R1_001.fastq.gz,/labs/jandr/walter/tb/data/IS-1018/Batch_2018-01-11/L-15-647_S52_R2_001.fastq.gz,IS-1018,Batch_2018-01-11
L-15-6519,/labs/jandr/walter/tb/data/IS-1018/Batch_2018-01-11/L-15-6519_S190_R1_001.fastq.gz,/labs/jandr/walter/tb/data/IS-1018/Batch_2018-01-11/L-15-6519_S190_R2_001.fastq.gz,IS-1018,Batch_2018-01-11
L-15-6591,/labs/jandr/walter/tb/data/IS-1018/Batch_2018-01-11/L-15-6591_S180_R1_001.fastq.gz,/labs/jandr/walter/tb/data/IS-1018/Batch_2018-01-11/L-15-6591_S180_R2_001.fastq.gz,IS-1018,Batch_2018-01-11
L-15-6603,/labs/jandr/walter/tb/data/IS-1018/Batch_2018-01-11/L-15-6603_S182_R1_001.fastq.gz,/labs/jandr/walter/tb/data/IS-1018/Batch_2018-01-11/L-15-6603_S182_R2_001.fastq.gz,IS-1018,Batch_2018-01-11
L-15-6699,/labs/jandr/walter/tb/data/IS-1018/Batch_2018-01-11/L-15-6699_S176_R1_001.fastq.gz,/labs/jandr/walter/tb/data/IS-1018/Batch_2018-01-11/L-15-6699_S176_R2_001.fastq.gz,IS-1018,Batch_2018-01-11
L-15-6703,/labs/jandr/walter/tb/data/IS-1018/Batch_2018-01-11/L-15-6703_S272_R1_001.fastq.gz,/labs/jandr/walter/tb/data/IS-1018/Batch_2018-01-11/L-15-6703_S272_R2_001.fastq.gz,IS-1018,Batch_2018-01-11
L-15-6738,/labs/jandr/walter/tb/data/IS-1018/Batch_2018-01-11/L-15-6738_S70_R1_001.fastq.gz,/labs/jandr/walter/tb/data/IS-1018/Batch_2018-01-11/L-15-6738_S70_R2_001.fastq.gz,IS-1018,Batch_2018-01-11
L-15-7433,/labs/jandr/walter/tb/data/IS-1018/Batch_2018-01-11/L-15-7433_S271_R1_001.fastq.gz,/labs/jandr/walter/tb/data/IS-1018/Batch_2018-01-11/L-15-7433_S271_R2_001.fastq.gz,IS-1018,Batch_2018-01-11
L-15-7468,/labs/jandr/walter/tb/data/IS-1018/Batch_2018-01-11/L-15-7468_S186_R1_001.fastq.gz,/labs/jandr/walter/tb/data/IS-1018/Batch_2018-01-11/L-15-7468_S186_R2_001.fastq.gz,IS-1018,Batch_2018-01-11
L-15-7656,/labs/jandr/walter/tb/data/IS-1018/Batch_2018-01-11/L-15-7656_S178_R1_001.fastq.gz,/labs/jandr/walter/tb/data/IS-1018/Batch_2018-01-11/L-15-7656_S178_R2_001.fastq.gz,IS-1018,Batch_2018-01-11
L-15-7755,/labs/jandr/walter/tb/data/IS-1018/Batch_2018-01-11/L-15-7755_S174_R1_001.fastq.gz,/labs/jandr/walter/tb/data/IS-1018/Batch_2018-01-11/L-15-7755_S174_R2_001.fastq.gz,IS-1018,Batch_2018-01-11
L-15-886,/labs/jandr/walter/tb/data/IS-1018/Batch_2018-01-11/L-15-886_S258_R1_001.fastq.gz,/labs/jandr/walter/tb/data/IS-1018/Batch_2018-01-11/L-15-886_S258_R2_001.fastq.gz,IS-1018,Batch_2018-01-11
L-15-8,/labs/jandr/walter/tb/data/IS-1018/Batch_2018-01-11/L-15-8_S69_R1_001.fastq.gz,/labs/jandr/walter/tb/data/IS-1018/Batch_2018-01-11/L-15-8_S69_R2_001.fastq.gz,IS-1018,Batch_2018-01-11
L-15-954,/labs/jandr/walter/tb/data/IS-1018/Batch_2018-01-11/L-15-954_S11_R1_001.fastq.gz,/labs/jandr/walter/tb/data/IS-1018/Batch_2018-01-11/L-15-954_S11_R2_001.fastq.gz,IS-1018,Batch_2018-01-11
L-15-95,/labs/jandr/walter/tb/data/IS-1018/Batch_2018-01-11/L-15-95_S137_R1_001.fastq.gz,/labs/jandr/walter/tb/data/IS-1018/Batch_2018-01-11/L-15-95_S137_R2_001.fastq.gz,IS-1018,Batch_2018-01-11
L-16-1036,/labs/jandr/walter/tb/data/IS-1018/Batch_2018-01-11/L-16-1036_S164_R1_001.fastq.gz,/labs/jandr/walter/tb/data/IS-1018/Batch_2018-01-11/L-16-1036_S164_R2_001.fastq.gz,IS-1018,Batch_2018-01-11
L-16-1101,/labs/jandr/walter/tb/data/IS-1018/Batch_2018-01-11/L-16-1101_S144_R1_001.fastq.gz,/labs/jandr/walter/tb/data/IS-1018/Batch_2018-01-11/L-16-1101_S144_R2_001.fastq.gz,IS-1018,Batch_2018-01-11
L-16-1130,/labs/jandr/walter/tb/data/IS-1018/Batch_2018-01-11/L-16-1130_S263_R1_001.fastq.gz,/labs/jandr/walter/tb/data/IS-1018/Batch_2018-01-11/L-16-1130_S263_R2_001.fastq.gz,IS-1018,Batch_2018-01-11
L-16-1133,/labs/jandr/walter/tb/data/IS-1018/Batch_2018-01-11/L-16-1133_S265_R1_001.fastq.gz,/labs/jandr/walter/tb/data/IS-1018/Batch_2018-01-11/L-16-1133_S265_R2_001.fastq.gz,IS-1018,Batch_2018-01-11
L-16-1341,/labs/jandr/walter/tb/data/IS-1018/Batch_2018-01-11/L-16-1341_S262_R1_001.fastq.gz,/labs/jandr/walter/tb/data/IS-1018/Batch_2018-01-11/L-16-1341_S262_R2_001.fastq.gz,IS-1018,Batch_2018-01-11
L-16-1471,/labs/jandr/walter/tb/data/IS-1018/Batch_2018-01-11/L-16-1471_S124_R1_001.fastq.gz,/labs/jandr/walter/tb/data/IS-1018/Batch_2018-01-11/L-16-1471_S124_R2_001.fastq.gz,IS-1018,Batch_2018-01-11
L-16-1514,/labs/jandr/walter/tb/data/IS-1018/Batch_2018-01-11/L-16-1514_S147_R1_001.fastq.gz,/labs/jandr/walter/tb/data/IS-1018/Batch_2018-01-11/L-16-1514_S147_R2_001.fastq.gz,IS-1018,Batch_2018-01-11
L-16-1519,/labs/jandr/walter/tb/data/IS-1018/Batch_2018-01-11/L-16-1519_S144_R1_001.fastq.gz,/labs/jandr/walter/tb/data/IS-1018/Batch_2018-01-11/L-16-1519_S144_R2_001.fastq.gz,IS-1018,Batch_2018-01-11
L-16-1522,/labs/jandr/walter/tb/data/IS-1018/Batch_2018-01-11/L-16-1522_S136_R1_001.fastq.gz,/labs/jandr/walter/tb/data/IS-1018/Batch_2018-01-11/L-16-1522_S136_R2_001.fastq.gz,IS-1018,Batch_2018-01-11
L-16-1523,/labs/jandr/walter/tb/data/IS-1018/Batch_2018-01-11/L-16-1523_S125_R1_001.fastq.gz,/labs/jandr/walter/tb/data/IS-1018/Batch_2018-01-11/L-16-1523_S125_R2_001.fastq.gz,IS-1018,Batch_2018-01-11
L-16-1569,/labs/jandr/walter/tb/data/IS-1018/Batch_2018-01-11/L-16-1569_S142_R1_001.fastq.gz,/labs/jandr/walter/tb/data/IS-1018/Batch_2018-01-11/L-16-1569_S142_R2_001.fastq.gz,IS-1018,Batch_2018-01-11
L-16-1571,/labs/jandr/walter/tb/data/IS-1018/Batch_2018-01-11/L-16-1571_S52_R1_001.fastq.gz,/labs/jandr/walter/tb/data/IS-1018/Batch_2018-01-11/L-16-1571_S52_R2_001.fastq.gz,IS-1018,Batch_2018-01-11
L-16-1594,/labs/jandr/walter/tb/data/IS-1018/Batch_2018-01-11/L-16-1594_S135_R1_001.fastq.gz,/labs/jandr/walter/tb/data/IS-1018/Batch_2018-01-11/L-16-1594_S135_R2_001.fastq.gz,IS-1018,Batch_2018-01-11
L-16-1680,/labs/jandr/walter/tb/data/IS-1018/Batch_2018-01-11/L-16-1680_S149_R1_001.fastq.gz,/labs/jandr/walter/tb/data/IS-1018/Batch_2018-01-11/L-16-1680_S149_R2_001.fastq.gz,IS-1018,Batch_2018-01-11
L-16-1719,/labs/jandr/walter/tb/data/IS-1018/Batch_2018-01-11/L-16-1719_S130_R1_001.fastq.gz,/labs/jandr/walter/tb/data/IS-1018/Batch_2018-01-11/L-16-1719_S130_R2_001.fastq.gz,IS-1018,Batch_2018-01-11
L-16-194,/labs/jandr/walter/tb/data/IS-1018/Batch_2018-01-11/L-16-194_S156_R1_001.fastq.gz,/labs/jandr/walter/tb/data/IS-1018/Batch_2018-01-11/L-16-194_S156_R2_001.fastq.gz,IS-1018,Batch_2018-01-11
L-16-2048,/labs/jandr/walter/tb/data/IS-1018/Batch_2018-01-11/L-16-2048_S145_R1_001.fastq.gz,/labs/jandr/walter/tb/data/IS-1018/Batch_2018-01-11/L-16-2048_S145_R2_001.fastq.gz,IS-1018,Batch_2018-01-11
L-16-2063,/labs/jandr/walter/tb/data/IS-1018/Batch_2018-01-11/L-16-2063_S168_R1_001.fastq.gz,/labs/jandr/walter/tb/data/IS-1018/Batch_2018-01-11/L-16-2063_S168_R2_001.fastq.gz,IS-1018,Batch_2018-01-11
L-16-2232,/labs/jandr/walter/tb/data/IS-1018/Batch_2018-01-11/L-16-2232_S143_R1_001.fastq.gz,/labs/jandr/walter/tb/data/IS-1018/Batch_2018-01-11/L-16-2232_S143_R2_001.fastq.gz,IS-1018,Batch_2018-01-11
L-16-2557,/labs/jandr/walter/tb/data/IS-1018/Batch_2018-01-11/L-16-2557_S173_R1_001.fastq.gz,/labs/jandr/walter/tb/data/IS-1018/Batch_2018-01-11/L-16-2557_S173_R2_001.fastq.gz,IS-1018,Batch_2018-01-11
L-16-2621,/labs/jandr/walter/tb/data/IS-1018/Batch_2018-01-11/L-16-2621_S169_R1_001.fastq.gz,/labs/jandr/walter/tb/data/IS-1018/Batch_2018-01-11/L-16-2621_S169_R2_001.fastq.gz,IS-1018,Batch_2018-01-11
L-16-2673,/labs/jandr/walter/tb/data/IS-1018/Batch_2018-01-11/L-16-2673_S179_R1_001.fastq.gz,/labs/jandr/walter/tb/data/IS-1018/Batch_2018-01-11/L-16-2673_S179_R2_001.fastq.gz,IS-1018,Batch_2018-01-11
L-16-2681,/labs/jandr/walter/tb/data/IS-1018/Batch_2018-01-11/L-16-2681_S184_R1_001.fastq.gz,/labs/jandr/walter/tb/data/IS-1018/Batch_2018-01-11/L-16-2681_S184_R2_001.fastq.gz,IS-1018,Batch_2018-01-11
L-16-2881,/labs/jandr/walter/tb/data/IS-1018/Batch_2018-01-11/L-16-2881_S189_R1_001.fastq.gz,/labs/jandr/walter/tb/data/IS-1018/Batch_2018-01-11/L-16-2881_S189_R2_001.fastq.gz,IS-1018,Batch_2018-01-11
L-16-2996,/labs/jandr/walter/tb/data/IS-1018/Batch_2018-01-11/L-16-2996_S181_R1_001.fastq.gz,/labs/jandr/walter/tb/data/IS-1018/Batch_2018-01-11/L-16-2996_S181_R2_001.fastq.gz,IS-1018,Batch_2018-01-11
L-16-3032,/labs/jandr/walter/tb/data/IS-1018/Batch_2018-01-11/L-16-3032_S1_R1_001.fastq.gz,/labs/jandr/walter/tb/data/IS-1018/Batch_2018-01-11/L-16-3032_S1_R2_001.fastq.gz,IS-1018,Batch_2018-01-11
L-16-3080,/labs/jandr/walter/tb/data/IS-1018/Batch_2018-01-11/L-16-3080_S189_R1_001.fastq.gz,/labs/jandr/walter/tb/data/IS-1018/Batch_2018-01-11/L-16-3080_S189_R2_001.fastq.gz,IS-1018,Batch_2018-01-11
L-16-3237,/labs/jandr/walter/tb/data/IS-1018/Batch_2018-01-11/L-16-3237_S177_R1_001.fastq.gz,/labs/jandr/walter/tb/data/IS-1018/Batch_2018-01-11/L-16-3237_S177_R2_001.fastq.gz,IS-1018,Batch_2018-01-11
L-16-3625,/labs/jandr/walter/tb/data/IS-1018/Batch_2018-01-11/L-16-3625_S167_R1_001.fastq.gz,/labs/jandr/walter/tb/data/IS-1018/Batch_2018-01-11/L-16-3625_S167_R2_001.fastq.gz,IS-1018,Batch_2018-01-11
L-16-3974,/labs/jandr/walter/tb/data/IS-1018/Batch_2018-01-11/L-16-3974_S188_R1_001.fastq.gz,/labs/jandr/walter/tb/data/IS-1018/Batch_2018-01-11/L-16-3974_S188_R2_001.fastq.gz,IS-1018,Batch_2018-01-11
L-16-4070,/labs/jandr/walter/tb/data/IS-1018/Batch_2018-01-11/L-16-4070_S3_R1_001.fastq.gz,/labs/jandr/walter/tb/data/IS-1018/Batch_2018-01-11/L-16-4070_S3_R2_001.fastq.gz,IS-1018,Batch_2018-01-11
L-16-438,/labs/jandr/walter/tb/data/IS-1018/Batch_2018-01-11/L-16-438_S162_R1_001.fastq.gz,/labs/jandr/walter/tb/data/IS-1018/Batch_2018-01-11/L-16-438_S162_R2_001.fastq.gz,IS-1018,Batch_2018-01-11
L-16-4423,/labs/jandr/walter/tb/data/IS-1018/Batch_2018-01-11/L-16-4423_S187_R1_001.fastq.gz,/labs/jandr/walter/tb/data/IS-1018/Batch_2018-01-11/L-16-4423_S187_R2_001.fastq.gz,IS-1018,Batch_2018-01-11
L-16-4456,/labs/jandr/walter/tb/data/IS-1018/Batch_2018-01-11/L-16-4456_S190_R1_001.fastq.gz,/labs/jandr/walter/tb/data/IS-1018/Batch_2018-01-11/L-16-4456_S190_R2_001.fastq.gz,IS-1018,Batch_2018-01-11
L-16-528,/labs/jandr/walter/tb/data/IS-1018/Batch_2018-01-11/L-16-528_S143_R1_001.fastq.gz,/labs/jandr/walter/tb/data/IS-1018/Batch_2018-01-11/L-16-528_S143_R2_001.fastq.gz,IS-1018,Batch_2018-01-11
L-16-5493,/labs/jandr/walter/tb/data/IS-1018/Batch_2018-01-11/L-16-5493_S72_R1_001.fastq.gz,/labs/jandr/walter/tb/data/IS-1018/Batch_2018-01-11/L-16-5493_S72_R2_001.fastq.gz,IS-1018,Batch_2018-01-11
L-16-575,/labs/jandr/walter/tb/data/IS-1018/Batch_2018-01-11/L-16-575_S150_R1_001.fastq.gz,/labs/jandr/walter/tb/data/IS-1018/Batch_2018-01-11/L-16-575_S150_R2_001.fastq.gz,IS-1018,Batch_2018-01-11
L-16-5934,/labs/jandr/walter/tb/data/IS-1018/Batch_2018-01-11/L-16-5934_S191_R1_001.fastq.gz,/labs/jandr/walter/tb/data/IS-1018/Batch_2018-01-11/L-16-5934_S191_R2_001.fastq.gz,IS-1018,Batch_2018-01-11
L-16-5973,/labs/jandr/walter/tb/data/IS-1018/Batch_2018-01-11/L-16-5973_S71_R1_001.fastq.gz,/labs/jandr/walter/tb/data/IS-1018/Batch_2018-01-11/L-16-5973_S71_R2_001.fastq.gz,IS-1018,Batch_2018-01-11
L-16-670,/labs/jandr/walter/tb/data/IS-1018/Batch_2018-01-11/L-16-670_S157_R1_001.fastq.gz,/labs/jandr/walter/tb/data/IS-1018/Batch_2018-01-11/L-16-670_S157_R2_001.fastq.gz,IS-1018,Batch_2018-01-11
L-16-674,/labs/jandr/walter/tb/data/IS-1018/Batch_2018-01-11/L-16-674_S155_R1_001.fastq.gz,/labs/jandr/walter/tb/data/IS-1018/Batch_2018-01-11/L-16-674_S155_R2_001.fastq.gz,IS-1018,Batch_2018-01-11
L-16-859,/labs/jandr/walter/tb/data/IS-1018/Batch_2018-01-11/L-16-859_S159_R1_001.fastq.gz,/labs/jandr/walter/tb/data/IS-1018/Batch_2018-01-11/L-16-859_S159_R2_001.fastq.gz,IS-1018,Batch_2018-01-11
L-16-880,/labs/jandr/walter/tb/data/IS-1018/Batch_2018-01-11/L-16-880_S133_R1_001.fastq.gz,/labs/jandr/walter/tb/data/IS-1018/Batch_2018-01-11/L-16-880_S133_R2_001.fastq.gz,IS-1018,Batch_2018-01-11
L-16-921,/labs/jandr/walter/tb/data/IS-1018/Batch_2018-01-11/L-16-921_S160_R1_001.fastq.gz,/labs/jandr/walter/tb/data/IS-1018/Batch_2018-01-11/L-16-921_S160_R2_001.fastq.gz,IS-1018,Batch_2018-01-11
L-16-98,/labs/jandr/walter/tb/data/IS-1018/Batch_2018-01-11/L-16-98_S170_R1_001.fastq.gz,/labs/jandr/walter/tb/data/IS-1018/Batch_2018-01-11/L-16-98_S170_R2_001.fastq.gz,IS-1018,Batch_2018-01-11
P1-16-D-1206-617,/labs/jandr/walter/tb/data/IS-1018/Batch_2018-01-11/P1-16-D-1206-617_S90_R1_001.fastq.gz,/labs/jandr/walter/tb/data/IS-1018/Batch_2018-01-11/P1-16-D-1206-617_S90_R2_001.fastq.gz,IS-1018,Batch_2018-01-11
P1-16-D-1229-607,/labs/jandr/walter/tb/data/IS-1018/Batch_2018-01-11/P1-16-D-1229-607_S127_R1_001.fastq.gz,/labs/jandr/walter/tb/data/IS-1018/Batch_2018-01-11/P1-16-D-1229-607_S127_R2_001.fastq.gz,IS-1018,Batch_2018-01-11
P1-16-D-4089-591,/labs/jandr/walter/tb/data/IS-1018/Batch_2018-01-11/P1-16-D-4089-591_S139_R1_001.fastq.gz,/labs/jandr/walter/tb/data/IS-1018/Batch_2018-01-11/P1-16-D-4089-591_S139_R2_001.fastq.gz,IS-1018,Batch_2018-01-11
P1-16-D-4099-585,/labs/jandr/walter/tb/data/IS-1018/Batch_2018-01-11/P1-16-D-4099-585_S86_R1_001.fastq.gz,/labs/jandr/walter/tb/data/IS-1018/Batch_2018-01-11/P1-16-D-4099-585_S86_R2_001.fastq.gz,IS-1018,Batch_2018-01-11
P1-16-D-4201-592,/labs/jandr/walter/tb/data/IS-1018/Batch_2018-01-11/P1-16-D-4201-592_S138_R1_001.fastq.gz,/labs/jandr/walter/tb/data/IS-1018/Batch_2018-01-11/P1-16-D-4201-592_S138_R2_001.fastq.gz,IS-1018,Batch_2018-01-11
P1-16-D-4205-584,/labs/jandr/walter/tb/data/IS-1018/Batch_2018-01-11/P1-16-D-4205-584_S10_R1_001.fastq.gz,/labs/jandr/walter/tb/data/IS-1018/Batch_2018-01-11/P1-16-D-4205-584_S10_R2_001.fastq.gz,IS-1018,Batch_2018-01-11
P1-16-D-4337-586,/labs/jandr/walter/tb/data/IS-1018/Batch_2018-01-11/P1-16-D-4337-586_S137_R1_001.fastq.gz,/labs/jandr/walter/tb/data/IS-1018/Batch_2018-01-11/P1-16-D-4337-586_S137_R2_001.fastq.gz,IS-1018,Batch_2018-01-11
T1-102-2010-214,/labs/jandr/walter/tb/data/IS-1018/Batch_2018-01-11/T1-102-2010-214_S35_R1_001.fastq.gz,/labs/jandr/walter/tb/data/IS-1018/Batch_2018-01-11/T1-102-2010-214_S35_R2_001.fastq.gz,IS-1018,Batch_2018-01-11
T1-107-2010-223,/labs/jandr/walter/tb/data/IS-1018/Batch_2018-01-11/T1-107-2010-223_S56_R1_001.fastq.gz,/labs/jandr/walter/tb/data/IS-1018/Batch_2018-01-11/T1-107-2010-223_S56_R2_001.fastq.gz,IS-1018,Batch_2018-01-11
T1-109-2010-255,/labs/jandr/walter/tb/data/IS-1018/Batch_2018-01-11/T1-109-2010-255_S106_R1_001.fastq.gz,/labs/jandr/walter/tb/data/IS-1018/Batch_2018-01-11/T1-109-2010-255_S106_R2_001.fastq.gz,IS-1018,Batch_2018-01-11
T1-111-2010-291,/labs/jandr/walter/tb/data/IS-1018/Batch_2018-01-11/T1-111-2010-291_S30_R1_001.fastq.gz,/labs/jandr/walter/tb/data/IS-1018/Batch_2018-01-11/T1-111-2010-291_S30_R2_001.fastq.gz,IS-1018,Batch_2018-01-11
T1-112-2010-288,/labs/jandr/walter/tb/data/IS-1018/Batch_2018-01-11/T1-112-2010-288_S14_R1_001.fastq.gz,/labs/jandr/walter/tb/data/IS-1018/Batch_2018-01-11/T1-112-2010-288_S14_R2_001.fastq.gz,IS-1018,Batch_2018-01-11
T1-116-2010-367,/labs/jandr/walter/tb/data/IS-1018/Batch_2018-01-11/T1-116-2010-367_S3_R1_001.fastq.gz,/labs/jandr/walter/tb/data/IS-1018/Batch_2018-01-11/T1-116-2010-367_S3_R2_001.fastq.gz,IS-1018,Batch_2018-01-11
T1-117-2010-382,/labs/jandr/walter/tb/data/IS-1018/Batch_2018-01-11/T1-117-2010-382_S25_R1_001.fastq.gz,/labs/jandr/walter/tb/data/IS-1018/Batch_2018-01-11/T1-117-2010-382_S25_R2_001.fastq.gz,IS-1018,Batch_2018-01-11
T1-118-2010-383,/labs/jandr/walter/tb/data/IS-1018/Batch_2018-01-11/T1-118-2010-383_S107_R1_001.fastq.gz,/labs/jandr/walter/tb/data/IS-1018/Batch_2018-01-11/T1-118-2010-383_S107_R2_001.fastq.gz,IS-1018,Batch_2018-01-11
T1-120-2010-381,/labs/jandr/walter/tb/data/IS-1018/Batch_2018-01-11/T1-120-2010-381_S24_R1_001.fastq.gz,/labs/jandr/walter/tb/data/IS-1018/Batch_2018-01-11/T1-120-2010-381_S24_R2_001.fastq.gz,IS-1018,Batch_2018-01-11
